date,open,high,low,close,vol
20100104,9.0330,9.0495,8.7557,8.7682,159964606
20100105,8.8592,8.9295,8.6026,8.8344,278278033
20100106,8.8095,8.8137,8.6399,8.6606,233894449
20100107,8.6399,8.7061,8.3999,8.4661,205990015
20100108,8.4164,8.6068,8.3999,8.5613,158795668
20100111,8.9378,9.0206,8.5116,8.5613,281073839
20100112,8.5364,8.6771,8.3833,8.6068,199017997
20100113,8.3792,8.4206,8.1930,8.2054,353804116
20100114,8.2220,8.2840,8.1268,8.2633,186909441
20100115,8.2840,8.3792,8.1599,8.2923,167196170
20100118,8.2385,8.3957,8.2220,8.3751,169024524
20100119,8.3792,8.5199,8.3626,8.4206,169087168
20100120,8.4495,8.4951,8.1102,8.1889,195212591
20100121,8.2261,8.5116,8.1764,8.4702,225763730
20100122,8.3585,8.7309,8.2799,8.6482,373249590
20100125,8.5075,8.6813,8.4495,8.4661,193898426
20100126,8.4785,8.6482,8.3461,8.5613,222183082
20100127,8.5530,8.6068,8.1847,8.2178,227808686
20100128,8.1847,8.2137,8.0192,8.1516,141840241
20100129,8.1102,8.2923,8.0606,8.1185,129752874
20100201,8.1185,8.1185,7.8620,7.9530,124869487
20100202,7.9985,8.1516,7.9323,7.9613,118344810
20100203,7.9902,8.2468,7.8661,8.2302,184860814
20100204,8.1144,8.2302,8.1102,8.1351,111559944
20100205,7.9447,8.1433,7.9282,8.0358,106083352
20100208,8.0482,8.0689,7.8951,7.9530,89976114
20100209,7.9447,8.0647,7.9323,8.0358,64033342
20100210,8.1061,8.1723,8.0689,8.1433,74215636
20100211,8.1475,8.1930,8.1061,8.1268,66158351
20100212,8.1640,8.2261,8.1351,8.1971,71733726
20100222,8.1640,8.2178,8.1020,8.1433,80792042
20100223,8.1309,8.1309,7.9654,8.0647,73880807
20100224,8.0068,8.1433,7.9613,8.1351,94198997
20100225,8.1723,8.6068,8.1723,8.5820,469990088
20100226,8.5820,8.5820,8.5820,8.5820,0
20100301,8.5820,8.5820,8.5820,8.5820,0
20100302,8.5820,8.5820,8.5820,8.5820,0
20100303,8.5820,8.5820,8.5820,8.5820,0
20100304,8.5820,8.5820,8.5820,8.5820,0
20100305,8.5820,8.5820,8.5820,8.5820,0
20100308,8.5820,8.5820,8.5820,8.5820,0
20100309,8.5820,8.5820,8.5820,8.5820,0
20100310,8.5820,8.5820,8.5820,8.5820,0
20100311,8.6895,9.0206,8.6482,8.8137,556497759
20100312,8.8219,8.9047,8.6978,8.7061,181039231
20100315,8.6895,8.7516,8.5157,8.5571,140476289
20100316,8.5364,8.7723,8.4868,8.7682,136164164
20100317,8.7847,8.9999,8.6688,8.9668,219292360
20100318,8.9626,9.1902,8.9171,8.9792,215047200
20100319,9.0288,9.1199,8.8964,9.0206,108163538
20100322,9.0413,9.2481,9.0413,9.1902,233540322
20100323,9.2068,9.2813,9.0578,9.1033,151203882
20100324,9.1240,9.2647,9.1033,9.1157,123476257
20100325,9.0868,9.0868,8.8799,8.9419,126906465
20100326,8.9047,9.3144,8.9047,9.2109,199372351
20100329,9.2895,9.5668,9.2316,9.5088,337128025
20100330,9.5088,9.5088,9.5088,9.5088,0
20100331,9.5461,9.5543,9.3930,9.4261,130988438
20100401,9.4219,9.5668,9.3723,9.4550,140601561
20100402,9.4592,9.5585,9.4344,9.4799,98547068
20100406,9.5378,9.6743,9.4799,9.5130,130041638
20100407,9.5171,9.5502,9.3268,9.4261,122288966
20100408,9.3102,9.5047,9.3102,9.3433,113285966
20100409,9.3516,9.5254,9.3475,9.4923,92783737
20100412,9.5171,9.5378,9.1902,9.2813,139916354
20100413,9.2688,9.5668,9.2068,9.5295,203157120
20100414,9.5668,9.5668,9.4178,9.4675,93926258
20100415,9.5006,9.5088,9.3061,9.4219,102254902
20100416,9.3806,9.3847,9.1116,9.1281,132833359
20100419,8.9750,8.9750,8.4785,8.5075,297906509
20100420,8.5033,8.5654,8.2757,8.4992,154345670
20100421,8.4661,8.6440,8.3957,8.6316,134701077
20100422,8.5613,8.5613,8.3089,8.3544,168203956
20100423,8.3585,8.6275,8.2551,8.4371,202453909
20100426,8.4495,8.6026,8.3668,8.4661,111601956
20100427,8.3833,8.4247,8.1847,8.3213,139768116
20100428,8.3213,8.3213,8.3213,8.3213,0
20100429,8.3792,8.5240,8.3420,8.3544,130734549
20100430,8.3999,8.5364,8.3420,8.5199,126310616
20100504,8.3668,8.5116,8.2344,8.3544,111580157
20100505,8.2551,8.4206,8.1392,8.4040,132275266
20100506,8.3171,8.3171,7.8620,7.8785,180453807
20100507,7.7213,7.8951,7.6344,7.6758,148767892
20100510,7.7461,7.9240,7.6551,7.8537,109621514
20100511,8.0440,8.0771,7.6551,7.7585,143543028
20100512,7.6427,7.9613,7.6261,7.9406,196068069
20100513,7.9033,8.2592,7.8620,8.1557,188588581
20100514,8.0730,8.1268,7.9571,8.0275,92610962
20100517,7.9323,7.9323,7.6964,7.7213,105863043
20100518,7.7502,8.0689,7.7461,8.0068,150242756
20100519,7.9282,8.1392,7.8620,7.9695,96780683
20100520,7.9033,8.0482,7.7751,7.8247,93955077
20100521,7.6468,7.9861,7.6137,7.9571,98547774
20100524,8.0192,8.2757,8.0192,8.1682,149620888
20100525,8.1102,8.1351,7.8578,7.9199,126892062
20100526,7.9489,8.0192,7.8371,7.9075,61849300
20100527,7.8951,7.9944,7.7792,7.9902,75597353
20100528,8.0771,8.1102,7.8744,7.9158,78150277
20100531,7.8206,7.9075,7.6551,7.6716,125136462
20100601,7.6427,7.7502,7.5723,7.6220,101111905
20100602,7.6054,7.6468,7.4771,7.6137,76090739
20100603,7.6509,7.6964,7.5144,7.5309,100220592
20100604,7.5020,7.5640,7.4689,7.5185,69612166
20100607,7.4068,7.4689,7.2785,7.2992,114575473
20100608,7.3199,7.3696,7.1089,7.1999,96793047
20100609,7.2371,7.6716,7.1047,7.6551,225286992
20100610,7.3696,7.5309,7.3480,7.3696,97481812
20100611,7.4072,7.6224,7.3749,7.4341,117450368
20100615,7.4341,7.4341,7.4341,7.4341,0
20100617,7.4825,7.6009,7.4072,7.4502,89038171
20100618,7.4556,7.6385,7.4126,7.4771,122288535
20100621,7.5309,7.8752,7.4502,7.7891,183895159
20100622,7.7569,7.8913,7.7246,7.7945,80004918
20100623,7.7461,7.8160,7.5793,7.6654,72780779
20100624,7.6439,7.7999,7.5524,7.7138,63925611
20100625,7.6654,7.7891,7.6385,7.7461,60483775
20100628,7.7461,7.8806,7.6493,7.7622,90960974
20100629,7.7730,7.7999,7.3911,7.4018,121754686
20100630,7.3642,7.4556,7.2727,7.3158,64245102
20100701,7.2942,7.4233,7.2512,7.2620,61327021
20100702,7.2889,7.3588,7.0683,7.3534,83255859
20100705,7.2351,7.3964,7.1060,7.2781,66904629
20100706,7.2835,7.4502,7.2351,7.4395,93265853
20100707,7.3911,7.4395,7.3158,7.4018,63163875
20100708,7.4664,7.5632,7.3857,7.4180,83844216
20100709,7.4287,7.7945,7.3642,7.6547,142876027
20100712,7.6547,7.8860,7.6116,7.7622,108378164
20100713,7.6439,7.7300,7.5632,7.6224,83494679
20100714,7.6493,7.8752,7.6493,7.7515,112215454
20100715,7.7515,7.8644,7.5686,7.5847,88228714
20100716,7.5309,7.6547,7.4771,7.6116,76018832
20100719,7.5686,7.8698,7.5202,7.8160,122152452
20100720,7.8483,8.0473,7.7999,7.8806,146996255
20100721,7.8967,7.9236,7.8053,7.8806,83473725
20100722,7.8483,7.9882,7.7945,7.9613,105050939
20100723,7.9613,8.1495,7.9236,8.0258,142769733
20100726,8.0258,8.0689,7.9398,8.0097,75046993
20100727,7.9666,7.9666,7.8322,7.8591,96860071
20100728,7.9075,8.1442,7.8429,8.1065,159004426
20100729,8.1226,8.1872,8.0258,8.1119,129478307
20100730,8.0689,8.0957,7.9935,8.0581,61501555
20100802,8.0204,8.2302,7.9989,8.2302,121617661
20100803,8.2356,8.2517,8.0151,8.0204,116846827
20100804,8.0151,8.0312,7.8214,7.9559,139926924
20100805,7.9344,7.9344,7.7569,7.8160,119833183
20100806,7.7999,7.9290,7.6923,7.9021,118798076
20100809,7.8806,7.9613,7.7999,7.8537,122355253
20100810,7.8644,7.9021,7.5471,7.5686,131867953
20100811,7.5578,7.6869,7.5363,7.5955,74705733
20100812,7.5202,7.5955,7.4341,7.4718,96840576
20100813,7.4933,7.5417,7.3696,7.5256,121063623
20100816,7.4825,7.7353,7.4502,7.6923,130684141
20100817,7.6977,7.7838,7.6278,7.7515,108342694
20100818,7.7569,7.8483,7.6654,7.6923,134717220
20100819,7.6923,7.8322,7.6009,7.7730,165275443
20100820,7.6923,7.8268,7.6170,7.6331,116154407
20100823,7.6385,7.8429,7.6385,7.7138,106939343
20100824,7.7031,7.8214,7.6116,7.7353,89708764
20100825,7.6869,7.7084,7.5202,7.5471,92019003
20100826,7.6170,7.6331,7.4933,7.5148,55220052
20100827,7.5256,7.6009,7.4664,7.5202,66271412
20100830,7.5632,7.6385,7.5148,7.5847,96789240
20100831,7.5524,7.6009,7.4879,7.5256,95390878
20100901,7.5686,7.7138,7.4180,7.5256,168200987
20100902,7.6815,7.6815,7.5040,7.5686,125843402
20100903,7.5686,7.5686,7.4395,7.5040,115061446
20100906,7.5363,7.6708,7.4664,7.6547,194417832
20100907,7.6654,7.7138,7.5578,7.6170,108260426
20100908,7.5578,7.5686,7.4233,7.4718,160187224
20100909,7.4718,7.4771,7.2351,7.2835,207214637
20100910,7.2889,7.3211,7.1544,7.2673,99290218
20100913,7.2351,7.3427,7.1544,7.2566,134614543
20100914,7.3050,7.3534,7.2136,7.2620,114614512
20100915,7.2781,7.2781,7.1544,7.1705,83396874
20100916,7.1544,7.1544,6.9392,7.0038,136523292
20100917,7.0414,7.0629,6.9392,6.9715,80458696
20100920,6.9715,6.9715,6.9715,6.9715,0
20100921,6.9930,7.0468,6.9231,6.9607,62595270
20100927,6.9930,7.0038,6.9338,6.9554,80315659
20100928,6.9500,6.9500,6.7617,6.7671,118953931
20100929,6.5627,6.8263,6.5196,6.7187,148564762
20100930,6.6541,6.9876,6.6272,6.9715,142065813
20101008,7.0414,7.2458,6.9177,7.1867,184493352
20101011,7.1920,7.5578,7.1867,7.4718,312758650
20101012,7.4395,7.5202,7.3696,7.5094,202499366
20101013,7.5148,7.7945,7.4664,7.7676,393582590
20101014,8.0473,8.0689,7.7138,7.7407,408051459
20101015,7.7031,8.2249,7.6869,8.2033,524258588
20101018,8.3916,8.5799,8.1818,8.2571,496534654
20101019,8.2571,8.2840,8.0689,8.2625,268071861
20101020,8.1926,8.4723,8.1226,8.2141,345342448
20101021,8.2141,8.2249,7.8268,7.9021,279642069
20101022,7.8752,7.9290,7.7353,7.8268,204297604
20101025,7.8429,8.0420,7.6600,7.9182,266719353
20101026,7.9398,8.0527,7.7461,7.8644,200380076
20101027,7.8322,8.0581,7.7407,7.7622,225951128
20101028,7.7622,7.9075,7.6762,7.8375,184634868
20101029,7.7622,7.9075,7.6762,7.7891,180742756
20101101,7.8053,7.9290,7.7838,7.8806,216092348
20101102,7.8806,7.9505,7.6762,7.7999,255753114
20101103,7.7999,8.0581,7.7246,7.9021,358652605
20101104,7.9344,7.9774,7.7999,7.9075,296398374
20101105,7.9935,8.0366,7.8429,7.9182,275603485
20101108,7.9505,8.1334,7.9290,8.0204,295580732
20101109,8.0420,8.0689,7.7461,7.8053,313599506
20101110,7.7730,7.7730,7.5202,7.5955,345140973
20101111,7.5901,7.7730,7.5578,7.6600,261637816
20101112,7.6062,7.6062,7.1867,7.1974,302029486
20101115,7.2351,7.3104,7.0791,7.2781,190233150
20101116,7.2082,7.2136,6.9769,7.0091,188402872
20101117,6.9500,7.1867,6.9123,7.0629,165332706
20101118,7.1275,7.1598,7.0199,7.0952,96422725
20101119,7.1221,7.1329,6.9177,7.0576,149139355
20101122,6.9392,7.0091,6.8854,6.9231,152198754
20101123,6.9016,6.9016,6.7348,6.8101,153431501
20101124,6.8047,6.9500,6.7994,6.8800,110364028
20101125,6.9392,7.0307,6.8263,6.9930,159039691
20101126,7.0414,7.1006,6.9446,7.0145,134164373
20101129,6.9769,7.0199,6.9069,6.9715,82644088
20101130,6.9500,6.9822,6.7402,6.8263,130995375
20101201,6.8101,6.8962,6.7886,6.8531,58929011
20101202,6.9661,6.9769,6.8585,6.8800,86881495
20101203,6.8908,6.9338,6.8478,6.8962,62392269
20101206,6.9231,7.0576,6.8908,7.0199,124987860
20101207,6.9930,7.0522,6.9231,7.0253,93639731
20101208,7.0145,7.0307,6.9231,6.9446,86211526
20101209,6.9123,6.9177,6.8209,6.8316,93047495
20101210,6.7994,6.9123,6.7940,6.8747,63060838
20101213,6.9016,7.0091,6.8478,6.9930,155936584
20101214,6.9930,7.0414,6.9285,6.9661,101928003
20101215,6.9715,7.0307,6.9446,6.9607,133923237
20101216,6.9554,6.9607,6.8478,6.8800,112940726
20101217,6.8747,6.8747,6.8101,6.8424,106682345
20101220,6.8531,6.8585,6.6218,6.6864,170715310
20101221,6.6971,6.9231,6.6434,6.8800,180798861
20101222,6.8747,6.9123,6.7240,6.7456,107891723
20101223,6.7617,6.9984,6.7133,6.8316,158969851
20101224,6.7778,6.9231,6.7402,6.8531,114013540
20101227,6.9446,6.9822,6.7133,6.7294,116961991
20101228,6.7240,6.8209,6.6487,6.6595,94147155
20101229,6.6810,6.7294,6.6165,6.6649,81389879
20101230,6.6703,6.7079,6.5573,6.6218,91994981
20101231,6.6326,6.6703,6.5896,6.6649,130317463
20110104,6.6810,6.8209,6.6165,6.7832,193896402
20110105,6.8316,6.9446,6.7940,6.8370,198939325
20110106,6.8478,6.9338,6.7778,6.8155,118890640
20110107,6.8263,7.2673,6.7671,7.1167,518284727
20110110,7.0522,7.1759,6.9554,7.0307,237965942
20110111,6.9930,7.2189,6.9930,7.2082,212860259
20110112,7.2297,7.2620,7.1060,7.2566,191601051
20110113,7.2566,7.2889,7.1705,7.1759,103011205
20110114,7.1490,7.1490,7.0307,7.0683,109496075
20110117,6.9769,7.0468,6.6756,6.7832,158249709
20110118,6.7617,6.8747,6.7348,6.8263,74138728
20110119,6.8316,6.9016,6.7671,6.8962,72770553
20110120,6.8693,6.8908,6.7079,6.7133,84329461
20110121,6.7187,7.0898,6.7133,6.8585,128273414
20110124,6.8424,6.9123,6.7832,6.8531,74408229
20110125,6.8585,6.9661,6.8155,6.9231,91839316
20110126,6.9392,6.9554,6.8962,6.9285,60395996
20110127,6.8585,6.9231,6.7294,6.9016,129478379
20110128,6.8693,6.9069,6.7725,6.8263,98527741
20110131,6.8316,6.8747,6.7778,6.8424,98095026
20110201,6.8478,6.8693,6.8047,6.8639,77752249
20110209,6.8370,6.9016,6.7725,6.7940,93591005
20110210,6.7832,6.8800,6.7617,6.8693,88119706
20110211,6.8585,6.8747,6.7940,6.8585,160849341
20110214,6.8478,7.1006,6.8424,7.0683,289117046
20110215,7.0737,7.1006,6.9930,7.0091,207730361
20110216,6.9822,7.0038,6.9285,6.9715,201015510
20110217,7.0145,7.1060,6.9822,7.0360,200579309
20110218,7.0145,7.0898,6.9446,7.0145,126628015
20110221,6.9554,7.0038,6.9177,6.9984,141627024
20110222,6.9876,6.9876,6.7778,6.8047,173546924
20110223,6.7886,6.8478,6.7294,6.7832,124203052
20110224,6.7778,6.7832,6.7133,6.7778,180847087
20110225,6.7725,6.8639,6.7348,6.8047,113820004
20110228,6.8047,6.8531,6.7509,6.8370,94286528
20110301,6.8478,6.9984,6.8478,6.9661,239123560
20110302,6.9285,7.1759,6.9016,7.0898,368473245
20110303,7.0898,7.4180,7.0898,7.2351,490211470
20110304,7.2028,7.3104,7.1705,7.2942,224563428
20110307,7.3050,7.4341,7.2458,7.3211,225555622
20110308,7.3104,7.4341,7.2835,7.3319,176928824
20110309,7.3588,7.4180,7.3050,7.3211,140483542
20110310,7.2996,7.2996,7.1060,7.1221,175016679
20110311,7.1114,7.1490,7.0038,7.0468,120245551
20110314,7.0414,7.1060,7.0307,7.0576,81916649
20110315,7.0360,7.0360,6.8531,6.9446,172377202
20110316,6.9338,7.0360,6.8962,6.9984,116934475
20110317,6.9285,6.9769,6.8908,6.9177,87056033
20110318,6.9661,7.0091,6.9123,6.9392,81369930
20110321,6.9392,7.0199,6.9177,6.9607,86830434
20110322,6.9822,7.1598,6.9016,7.0898,130164882
20110323,7.0737,7.1974,7.0522,7.1436,104546912
20110324,7.1544,7.1974,7.0576,7.0898,73670645
20110325,7.1060,7.2996,7.1060,7.2082,154563861
20110328,7.2889,7.3749,7.2136,7.2297,166738470
20110329,7.2458,7.4502,7.2405,7.3265,216754508
20110330,7.3857,7.5309,7.3427,7.4502,319233339
20110331,7.4502,7.4771,7.2673,7.3265,145542651
20110401,7.3158,7.6224,7.3158,7.6062,259301942
20110406,7.6116,7.8537,7.6116,7.8483,355520170
20110407,7.8429,7.9075,7.7838,7.8268,183949951
20110408,7.8160,7.9075,7.7407,7.8106,127214621
20110411,7.8322,8.0151,7.7945,7.8160,224765765
20110412,7.7945,7.8913,7.6869,7.7622,162999192
20110413,7.7138,8.0957,7.7084,8.0635,212810002
20110414,8.1119,8.2087,8.0258,8.0473,234971879
20110415,8.0151,8.1495,7.9613,8.1119,135656505
20110418,8.0742,8.1764,8.0151,8.0689,148127044
20110419,7.9882,8.0689,7.8322,7.8375,158941250
20110420,7.8537,7.9613,7.7515,7.8053,113155768
20110421,7.8698,7.9613,7.7945,7.8268,105881012
20110422,7.8268,7.8806,7.7353,7.7730,88487715
20110425,7.8375,7.9236,7.7461,7.8214,141245371
20110426,7.8429,7.9398,7.7999,7.9344,156453454
20110427,7.9774,8.0635,7.7730,7.8644,181198153
20110428,7.8644,7.8644,7.8644,7.8644,0
20110429,7.9075,7.9290,7.5309,7.6815,189039075
20110503,7.6600,7.7515,7.5955,7.6869,87439005
20110504,7.6385,7.7300,7.3911,7.4395,150581297
20110505,7.3964,7.5256,7.3319,7.4664,87325705
20110506,7.3803,7.5148,7.3480,7.4341,68331989
20110509,7.4233,7.5148,7.3696,7.4018,56801142
20110510,7.4233,7.5256,7.3749,7.5148,68402576
20110511,7.5148,7.5578,7.4287,7.4664,50832501
20110512,7.4287,7.4987,7.3373,7.3427,68893578
20110513,7.3588,7.4395,7.2566,7.4395,96946132
20110516,7.3964,7.4825,7.3588,7.3642,69691738
20110517,7.3696,7.5309,7.3265,7.4825,89756723
20110518,7.4718,7.6493,7.4449,7.6116,101546887
20110519,7.6278,7.7031,7.5847,7.6062,82671806
20110520,7.6009,7.7192,7.5847,7.6600,96021460
20110523,7.6224,7.6547,7.4233,7.4556,92075831
20110524,7.4341,7.4987,7.4180,7.4502,61908774
20110525,7.4341,7.4556,7.3050,7.3158,56618516
20110526,7.3749,7.3964,7.2942,7.3427,59795621
20110527,7.3588,7.4718,7.2996,7.3642,79362024
20110530,7.3427,7.4556,7.2996,7.4233,60925986
20110531,7.4287,7.4610,7.3373,7.4556,101988963
20110601,7.4233,7.4664,7.3642,7.3911,80630602
20110602,7.3158,7.3427,7.0307,7.1060,145102794
20110603,7.0070,7.0909,6.9930,7.0559,55029192
20110607,7.0210,7.0839,6.9790,7.0629,45921149
20110608,7.0699,7.0769,6.8392,6.9371,102101432
20110609,6.9231,6.9231,6.7622,6.7762,72429720
20110610,6.7902,6.8531,6.7692,6.8112,59365290
20110613,6.7832,6.8741,6.7273,6.8462,47904325
20110614,6.8392,7.0210,6.8042,6.9371,85462115
20110615,6.9231,6.9231,6.7762,6.7972,72418833
20110616,6.7622,6.7902,6.7063,6.7203,62468277
20110617,6.7203,6.7762,6.6783,6.6853,54557038
20110620,6.6783,6.7622,6.6503,6.7483,70292858
20110621,6.7552,6.7972,6.7343,6.7692,62966290
20110622,6.8042,6.8042,6.6923,6.7343,63495835
20110623,6.7273,6.8462,6.6434,6.8112,73592079
20110624,6.7762,7.1189,6.7622,7.0629,155309857
20110627,7.0629,7.1399,6.9930,7.0420,88488172
20110628,7.0420,7.0490,6.9161,6.9930,69535059
20110629,6.9930,7.0210,6.8112,6.8252,131725582
20110630,6.8392,6.9720,6.8112,6.8811,127953417
20110701,6.8881,6.8951,6.7483,6.8112,121479011
20110704,6.8462,7.0769,6.8392,7.0629,196916958
20110705,7.0629,7.1189,6.9860,7.0280,114177257
20110706,7.0000,7.0000,6.8531,6.9371,111659256
20110707,7.0559,7.0979,6.9231,6.9441,157737838
20110708,6.9580,7.1678,6.9441,7.0909,137535472
20110711,7.0280,7.0839,6.9650,7.0280,110535517
20110712,6.9720,7.0070,6.8811,6.9091,105504968
20110713,6.9441,7.0490,6.9021,7.0000,86539661
20110714,6.9930,7.0629,6.9720,7.0629,103309750
20110715,7.0280,7.0909,6.9860,7.0559,95318084
20110718,7.0629,7.0629,6.9441,6.9930,126263471
20110719,6.9510,6.9650,6.8671,6.8881,111240329
20110720,6.9231,6.9510,6.8322,6.8811,91178274
20110721,6.8741,6.8881,6.7413,6.8042,105317931
20110722,6.8182,6.8392,6.7622,6.7832,75058404
20110725,6.7483,6.7622,6.5524,6.5944,126110395
20110726,6.5944,6.6783,6.5594,6.5874,64528764
20110727,6.5594,6.5874,6.5385,6.5664,68944818
20110728,6.5245,6.5315,6.3986,6.4476,93899249
20110729,6.4685,6.7203,6.3846,6.5734,136547496
20110801,6.5245,6.6154,6.4825,6.5175,64249980
20110802,6.4685,6.5105,6.3846,6.4755,59151932
20110803,6.4266,6.5105,6.4126,6.4755,45079065
20110804,6.5105,6.5734,6.4825,6.4895,43487089
20110805,6.3566,6.3986,6.2937,6.3147,102891595
20110808,6.2587,6.3566,6.0280,6.1049,141033346
20110809,5.9580,6.2587,5.9231,6.2028,158623001
20110810,6.3077,6.3496,6.2028,6.2308,96233068
20110811,6.1049,6.3986,6.0909,6.3636,106938990
20110812,6.3776,6.3986,6.2797,6.3147,73162575
20110815,6.3427,6.5664,6.2867,6.5524,127975623
20110816,6.5385,6.6503,6.4825,6.5385,131837531
20110817,6.5315,6.5804,6.4895,6.4895,63685899
20110818,6.5175,6.5245,6.3566,6.3776,58390096
20110819,6.2867,6.3496,6.2517,6.3077,79429358
20110822,6.3217,6.3986,6.2587,6.2797,61150446
20110823,6.3147,6.4266,6.2448,6.4196,68941552
20110824,6.4406,6.5315,6.3496,6.3636,76250748
20110825,6.3986,6.6643,6.3706,6.6294,173085598
20110826,6.5874,6.6503,6.5175,6.6154,88657381
20110829,6.4965,6.4965,6.3846,6.4196,107723255
20110830,6.4685,6.5734,6.3986,6.4266,70308486
20110831,6.4196,6.5385,6.4056,6.4965,49119682
20110901,6.5105,6.5944,6.4895,6.5524,83663605
20110902,6.5385,6.5734,6.4336,6.4965,45816941
20110905,6.4336,6.4476,6.3706,6.3986,44102185
20110906,6.3566,6.4476,6.3147,6.3706,60259540
20110907,6.3846,6.5594,6.3496,6.4965,58055885
20110908,6.5035,6.5245,6.4336,6.4755,40631519
20110909,6.5035,6.5804,6.4476,6.5035,54419809
20110913,6.4196,6.4476,6.3776,6.3986,39506920
20110914,6.4336,6.4406,6.2517,6.3636,72346701
20110915,6.3636,6.4126,6.2517,6.2587,81173988
20110916,6.3077,6.3427,6.2587,6.2797,60380391
20110919,6.2308,6.2378,6.1469,6.1608,59359641
20110920,6.1538,6.2378,6.1049,6.1958,49408813
20110921,6.1958,6.4476,6.1259,6.3566,100604870
20110922,6.3007,6.3077,6.1538,6.1678,76922542
20110923,6.0909,6.1608,6.0210,6.1049,77455709
20110926,6.0490,6.0979,5.8741,5.9021,116900183
20110927,5.9580,6.0000,5.9301,5.9580,57561233
20110928,6.0070,6.0140,5.8741,5.8951,60642580
20110929,5.8671,5.9580,5.8252,5.9091,62573635
20110930,5.9301,6.0420,5.9021,5.9720,86470365
20111010,5.9580,5.9860,5.8811,5.8881,46372660
20111011,6.1399,6.1399,5.9301,5.9930,84556391
20111012,5.9720,6.2378,5.9371,6.1888,127859477
20111013,6.1678,6.2517,6.1259,6.2028,73357252
20111014,6.1818,6.2098,6.1049,6.1748,57921003
20111017,6.1818,6.3287,6.1678,6.2378,65793953
20111018,6.1888,6.2238,6.1189,6.1399,58794941
20111019,6.1399,6.2378,6.1189,6.1818,51749379
20111020,6.1329,6.1958,6.0420,6.1049,72441590
20111021,6.1189,6.2727,6.0839,6.2168,84808965
20111024,6.2308,6.4406,6.2028,6.4056,135752880
20111025,6.4196,6.4685,6.3496,6.4056,94830358
20111026,6.3846,6.5035,6.3287,6.4196,97890429
20111027,6.4755,6.5385,6.4406,6.4755,65187734
20111028,6.5734,6.6783,6.4755,6.5594,117978938
20111031,6.5385,6.5385,6.4056,6.4406,72613729
20111101,6.3986,6.5315,6.3706,6.4196,81794429
20111102,6.3496,6.5524,6.3217,6.5455,84938922
20111103,6.5594,6.5664,6.4476,6.4615,120619929
20111104,6.5385,6.5455,6.4545,6.5105,60868010
20111107,6.4685,6.4895,6.4056,6.4196,47004152
20111108,6.4615,6.5035,6.3916,6.4406,45321420
20111109,6.4615,6.4965,6.4196,6.4825,39970833
20111110,6.4336,6.4685,6.3217,6.3287,66689704
20111111,6.3357,6.4126,6.3287,6.3496,36124412
20111114,6.4196,6.4825,6.3846,6.4406,60484657
20111115,6.4336,6.4476,6.3846,6.4196,42919207
20111116,6.4196,6.4196,6.2028,6.2378,91560942
20111117,6.2517,6.2727,6.1818,6.1958,45770674
20111118,6.1538,6.2168,6.1259,6.1538,52652499
20111121,6.1818,6.1888,6.0629,6.1119,46268117
20111122,6.0839,6.1608,6.0699,6.1189,43857975
20111123,6.1259,6.1329,6.0280,6.0769,37709430
20111124,6.0280,6.1259,6.0140,6.0839,34977907
20111125,6.0839,6.0979,6.0140,6.0280,30554149
20111128,6.0350,6.0699,5.9930,6.0140,34273866
20111129,6.0559,6.1119,6.0280,6.1049,37123672
20111130,6.0769,6.1049,5.9231,5.9441,64309729
20111201,6.1119,6.2587,6.1049,6.1608,127340180
20111202,6.1399,6.1888,6.0909,6.1538,55252530
20111205,6.1818,6.2308,6.0350,6.1538,57469299
20111206,6.1259,6.1818,6.0839,6.1049,37809636
20111207,6.1119,6.1748,6.0839,6.1399,33391785
20111208,6.1399,6.1748,6.0699,6.1399,31330836
20111209,6.1049,6.1399,6.0420,6.0839,42205020
20111212,6.0699,6.1119,6.0420,6.0559,32940519
20111213,6.0420,6.0979,5.9860,6.0000,68069016
20111214,5.9930,6.0490,5.9720,6.0140,39089024
20111215,5.9860,6.0280,5.9301,5.9371,59371868
20111216,5.9510,6.0490,5.9371,6.0280,53954321
20111219,5.9930,6.0420,5.8531,6.0210,64728891
20111220,6.0000,6.1189,5.9860,6.0070,54879068
20111221,6.0559,6.0979,5.9441,5.9650,59541839
20111222,5.9371,6.0070,5.9091,5.9650,61036268
20111223,5.9720,6.0210,5.9371,5.9720,33266355
20111226,5.9580,5.9860,5.8881,5.9231,45457939
20111227,5.9231,5.9650,5.8741,5.9021,44438216
20111228,5.8951,5.9161,5.7692,5.8601,60075795
20111229,5.8392,5.8601,5.7972,5.8392,57278714
20111230,5.8671,5.9510,5.8601,5.9371,75765017
20120104,5.9720,5.9860,5.8671,5.8811,48907971
20120105,5.9231,6.1678,5.9231,6.0490,188926170
20120106,6.0350,6.1399,6.0280,6.0909,88343522
20120109,6.0979,6.2867,6.0699,6.2587,114594836
20120110,6.2587,6.3636,6.2098,6.3427,102966623
20120111,6.3287,6.3636,6.2797,6.2937,70443454
20120112,6.2937,6.4406,6.2867,6.3566,86496382
20120113,6.3706,6.4196,6.2727,6.3217,81117224
20120116,6.2937,6.3776,6.2657,6.2727,47333228
20120117,6.2937,6.4755,6.1469,6.4336,139220886
20120118,6.4056,6.4545,6.2937,6.3217,83067683
20120119,6.3287,6.4476,6.3077,6.4336,98163166
20120120,6.4685,6.5944,6.4126,6.5874,135925365
20120130,6.5734,6.5804,6.4336,6.4476,102792911
20120131,6.4615,6.4895,6.4056,6.4476,50713668
20120201,6.4336,6.4755,6.3287,6.3496,56696479
20120202,6.3776,6.5874,6.3496,6.5734,125801863
20120203,6.5385,6.6434,6.5175,6.6014,138903496
20120206,6.6154,6.6503,6.4965,6.5664,91078531
20120207,6.5175,6.5455,6.4196,6.4615,73489704
20120208,6.4545,6.6294,6.4545,6.6084,91907125
20120209,6.6084,6.6294,6.5455,6.5734,71891611
20120210,6.5455,6.6294,6.5175,6.5524,74126177
20120213,6.4685,6.5524,6.4196,6.4825,70363101
20120214,6.4615,6.4895,6.3846,6.4266,75825562
20120215,6.4056,6.4965,6.3916,6.4545,78742606
20120216,6.4685,6.4895,6.3916,6.4266,67927572
20120217,6.4685,6.5105,6.4336,6.4755,59692907
20120220,6.5804,6.5804,6.4685,6.4755,82568212
20120221,6.4825,6.5105,6.4336,6.4895,61143061
20120222,6.4895,6.5455,6.4336,6.5175,116470339
20120223,6.5175,6.5734,6.4895,6.5245,125489489
20120224,6.5385,6.6643,6.5105,6.6503,183528819
20120227,6.6923,6.7273,6.6084,6.6294,181129541
20120228,6.6294,6.7832,6.6154,6.7552,194653195
20120229,6.7622,6.7622,6.6503,6.6713,111193706
20120301,6.6434,6.7063,6.6364,6.6783,66120151
20120302,6.6783,6.7832,6.6713,6.7762,105838857
20120305,6.8112,6.8182,6.6993,6.6993,94520190
20120306,6.6643,6.7203,6.5804,6.6014,97884007
20120307,6.5664,6.6014,6.5245,6.5315,73040448
20120308,6.5664,6.6434,6.5524,6.6154,78404829
20120309,6.6224,6.6503,6.5874,6.6224,67940016
20120312,6.6014,6.6084,6.5245,6.5594,75481671
20120313,6.5664,6.6643,6.5385,6.6224,87845114
20120314,6.6643,6.7203,6.5175,6.5455,141970859
20120315,6.5455,6.6084,6.4056,6.4266,101063668
20120316,6.4685,6.5315,6.4336,6.4685,103795925
20120319,6.4755,6.5175,6.4615,6.4895,71826091
20120320,6.4685,6.4755,6.3776,6.3776,89697573
20120321,6.4196,6.4266,6.3077,6.3496,74169895
20120322,6.3566,6.4406,6.3147,6.3776,55271211
20120323,6.3636,6.3776,6.3077,6.3357,50433880
20120326,6.3287,6.4126,6.3287,6.3846,48180774
20120327,6.3986,6.4126,6.3496,6.3776,39031335
20120328,6.3776,6.3916,6.2448,6.2727,62298389
20120329,6.2517,6.2937,6.1888,6.2028,69199723
20120330,6.2378,6.2727,6.2098,6.2448,72339427
20120405,6.2238,6.2587,6.1608,6.2448,109183361
20120406,6.2448,6.2657,6.1818,6.2517,81055947
20120409,6.2168,6.2517,6.1748,6.1818,49892454
20120410,6.1958,6.2448,6.1399,6.2378,64560210
20120411,6.2028,6.2587,6.1888,6.2168,56337815
20120412,6.2168,6.3916,6.2028,6.3776,92337436
20120413,6.3706,6.3986,6.3077,6.3916,87481202
20120416,6.3496,6.3776,6.3217,6.3357,55219161
20120417,6.3357,6.3566,6.2448,6.2448,70736395
20120418,6.2448,6.3916,6.2378,6.3776,95978725
20120419,6.3636,6.4056,6.3357,6.3776,69337840
20120420,6.3636,6.5175,6.3566,6.5105,110454394
20120423,6.4825,6.5245,6.4406,6.4615,59829867
20120424,6.4545,6.6783,6.4476,6.5594,161826597
20120425,6.5315,6.6014,6.5245,6.5385,95079304
20120426,6.5874,6.6154,6.5035,6.5524,76972518
20120427,6.5664,6.6084,6.5385,6.5804,67374439
20120502,6.6294,6.7063,6.5804,6.6853,154006669
20120503,6.6503,6.6783,6.5874,6.6154,86600907
20120504,6.6224,6.6434,6.5664,6.6364,102473645
20120507,6.5944,6.6294,6.5315,6.5874,117582798
20120508,6.5804,6.5874,6.4895,6.5455,124011527
20120509,6.5035,6.5105,6.4196,6.4336,93045656
20120510,6.4406,6.4615,6.3706,6.4056,96634043
20120511,6.4056,6.4545,6.3776,6.4056,50811802
20120514,6.4406,6.4545,6.3357,6.3496,101382185
20120515,6.2937,6.3287,6.2797,6.3217,86414891
20120516,6.3147,6.3147,6.2168,6.2308,108016109
20120517,6.2448,6.3077,6.2238,6.2727,61622508
20120518,6.2378,6.2378,6.1678,6.1958,88588738
20120521,6.1958,6.2308,6.1748,6.2028,66751845
20120522,6.2238,6.2727,6.2098,6.2657,96596000
20120523,6.2587,6.2657,6.1888,6.2168,88631105
20120524,6.2098,6.2517,6.1608,6.1888,71152818
20120525,6.1888,6.1958,6.1329,6.1469,65619519
20120528,6.1538,6.2098,6.1329,6.2028,74857148
20120529,6.1958,6.2797,6.1678,6.2587,133674466
20120530,6.2378,6.2448,6.1469,6.1678,125892174
20120531,6.1469,6.1538,6.1189,6.1329,95826010
20120601,6.1399,6.1818,6.1189,6.1399,60634398
20120604,6.0909,6.0909,6.0000,6.0070,99196201
20120605,6.0280,6.0420,5.9790,5.9860,99623677
20120606,6.0070,6.0699,5.9790,6.0280,71383949
20120607,6.0699,6.0839,5.9650,5.9860,68677763
20120608,5.9510,5.9650,5.8112,5.8322,200757315
20120611,5.8462,5.8601,5.8112,5.8322,102452152
20120612,5.8112,5.8392,5.7273,5.7972,117876650
20120613,5.7972,5.7972,5.7972,5.7972,0
20120614,5.8042,5.8322,5.7692,5.7832,114424972
20120615,5.8112,5.9650,5.7972,5.9231,191928955
20120618,5.9231,5.9301,5.8881,5.9161,71804532
20120619,5.9231,5.9720,5.8951,5.9371,67221874
20120620,5.9720,6.0210,5.9301,5.9441,71500153
20120621,5.9510,5.9510,5.8741,5.9021,56376154
20120625,5.8881,5.9301,5.8322,5.8392,75370432
20120626,5.6434,5.6783,5.6154,5.6364,57175029
20120627,5.6364,5.6573,5.6154,5.6294,38561458
20120628,5.6294,5.6434,5.6014,5.6014,41293322
20120629,5.6224,5.7063,5.6084,5.6853,72893157
20120702,5.6993,5.6993,5.6294,5.6573,62479541
20120703,5.6573,5.6993,5.6434,5.6573,57315779
20120704,5.6643,5.7203,5.6503,5.6783,56560042
20120705,5.6713,5.6783,5.6294,5.6434,48099331
20120706,5.5385,5.5734,5.5105,5.5734,165589808
20120709,5.5455,5.5524,5.3496,5.3636,152345640
20120710,5.3636,5.4266,5.3566,5.3846,64478375
20120711,5.3776,5.4126,5.3636,5.3916,46368662
20120712,5.3916,5.3986,5.3007,5.3636,144300336
20120713,5.3566,5.4476,5.3427,5.4056,64639404
20120716,5.4196,5.4196,5.3287,5.3357,66616405
20120717,5.3496,5.4056,5.3287,5.3776,43220684
20120718,5.3776,5.3776,5.3147,5.3636,68112305
20120719,5.3496,5.4056,5.3217,5.3776,110602762
20120720,5.3636,5.3706,5.3147,5.3217,79430085
20120723,5.2937,5.2937,5.1888,5.2098,92237717
20120724,5.1958,5.2448,5.1818,5.2168,69196849
20120725,5.1958,5.2448,5.1678,5.1818,68040039
20120726,5.1748,5.2098,5.1538,5.1748,43401207
20120727,5.1888,5.2867,5.1748,5.2378,83656139
20120730,5.2587,5.3496,5.2378,5.2867,88863754
20120731,5.2937,5.3776,5.2867,5.3566,100270098
20120801,5.3636,5.3916,5.3077,5.3496,89047334
20120802,5.3706,5.4336,5.3496,5.4196,107885191
20120803,5.4126,5.4196,5.3706,5.4126,62984893
20120806,5.4056,5.4126,5.3776,5.3986,66367880
20120807,5.3986,5.4056,5.3496,5.3776,49924915
20120808,5.3846,5.4336,5.3776,5.4056,76964270
20120809,5.4196,5.4266,5.3776,5.4196,46461123
20120810,5.4476,5.4895,5.4406,5.4545,66899661
20120813,5.4545,5.4755,5.4126,5.4196,67613372
20120814,5.4266,5.4545,5.4056,5.4545,56833475
20120815,5.4545,5.4545,5.2797,5.3007,128064003
20120816,5.3077,5.3077,5.2448,5.2657,58101324
20120817,5.2587,5.3007,5.2517,5.2797,47651410
20120820,5.2587,5.2867,5.2168,5.2587,38664648
20120821,5.2517,5.2867,5.2378,5.2517,51864584
20120822,5.2587,5.2657,5.2238,5.2587,50516829
20120823,5.2517,5.2797,5.2238,5.2587,52003960
20120824,5.2587,5.2657,5.2098,5.2378,52857970
20120827,5.2098,5.2378,5.1678,5.1748,57678349
20120828,5.1958,5.3287,5.1748,5.3147,78312152
20120829,5.2867,5.2937,5.2587,5.2797,54939804
20120830,5.2448,5.3287,5.2448,5.3217,64070021
20120831,5.3007,5.3706,5.2937,5.3217,53274800
20120903,5.3357,5.3357,5.2657,5.3007,79212453
20120904,5.2867,5.3077,5.1958,5.2168,63436770
20120905,5.2028,5.2098,5.0909,5.1189,104584345
20120906,5.1329,5.1678,5.1049,5.1608,54869450
20120907,5.1888,5.4406,5.1748,5.3147,208739875
20120910,5.3077,5.3217,5.2657,5.2867,91232600
20120911,5.2727,5.2727,5.1958,5.2378,72903384
20120912,5.2657,5.2867,5.1888,5.2308,58915130
20120913,5.2238,5.2448,5.2028,5.2098,40895892
20120914,5.2448,5.2867,5.2028,5.2587,86592217
20120917,5.2587,5.2587,5.1748,5.1818,56478985
20120918,5.1678,5.1748,5.1329,5.1399,42265757
20120919,5.1399,5.1608,5.1259,5.1329,50502260
20120920,5.1189,5.1329,5.0490,5.0559,68743048
20120921,5.0490,5.0769,5.0210,5.0420,53683162
20120924,5.0210,5.0420,4.9720,5.0140,63321298
20120925,5.0070,5.0210,4.9860,5.0070,33645664
20120926,5.0000,5.0210,4.9650,4.9720,40532300
20120927,4.9720,5.1469,4.9650,5.1189,106628248
20120928,5.0909,5.1678,5.0629,5.1608,89990051
20121008,5.1608,5.1888,5.0909,5.1189,46224125
20121009,5.1399,5.2308,5.1329,5.2098,69526711
20121010,5.1958,5.2168,5.1748,5.2028,38820726
20121011,5.1818,5.1958,5.1538,5.1818,42276940
20121012,5.1958,5.2448,5.1818,5.2098,54273926
20121015,5.2168,5.2238,5.1538,5.1818,31816554
20121016,5.1818,5.2587,5.1678,5.2168,62852103
20121017,5.2308,5.3007,5.2028,5.2797,75301640
20121018,5.2797,5.3496,5.2727,5.3287,73498186
20121019,5.3287,5.3357,5.2797,5.3007,57465336
20121022,5.2727,5.3706,5.2657,5.3496,52623801
20121023,5.3566,5.3706,5.2797,5.2937,46030541
20121024,5.2797,5.3357,5.2727,5.3077,40509766
20121025,5.3007,5.3287,5.2448,5.2657,42624717
20121026,5.2727,5.2937,5.1888,5.2168,70944026
20121029,5.2028,5.2378,5.1888,5.2238,40292862
20121030,5.2238,5.2657,5.1748,5.2308,53028498
20121031,5.2378,5.2657,5.1958,5.2517,52067874
20121101,5.2587,5.3846,5.2517,5.3427,81803313
20121102,5.3496,5.3846,5.3217,5.3706,68050116
20121105,5.3846,5.4406,5.3566,5.4056,81472821
20121106,5.4126,5.4126,5.3077,5.3706,60313293
20121107,5.3636,5.4056,5.3427,5.3776,37457122
20121108,5.3357,5.3566,5.2657,5.2727,55294043
20121109,5.2657,5.3077,5.2448,5.2657,38497394
20121112,5.2727,5.3427,5.2657,5.3357,62413046
20121113,5.3287,5.3287,5.2308,5.2378,53899012
20121114,5.2378,5.2657,5.2238,5.2448,31207198
20121115,5.2378,5.2448,5.1818,5.1888,41784612
20121116,5.1818,5.1818,5.1329,5.1469,47570836
20121119,5.1469,5.1748,5.1259,5.1538,35442993
20121120,5.1748,5.1818,5.1259,5.1399,28961769
20121121,5.1399,5.2308,5.1329,5.2238,41409406
20121122,5.2098,5.2308,5.1748,5.2028,32582324
20121123,5.2168,5.2867,5.1958,5.2517,51222351
20121126,5.2448,5.2727,5.1958,5.2238,40279496
20121127,5.2028,5.2587,5.1888,5.2168,58383372
20121128,5.2028,5.2448,5.1888,5.2028,60029636
20121129,5.2168,5.2238,5.1748,5.1818,56169537
20121130,5.1818,5.2308,5.1538,5.2168,55515870
20121203,5.2168,5.2238,5.1329,5.1399,76890003
20121204,5.1259,5.2168,5.1259,5.1958,50013991
20121205,5.1958,5.5385,5.1818,5.5105,324612891
20121206,5.5035,5.5734,5.4755,5.5175,164643019
20121207,5.5455,5.7902,5.5385,5.7762,327826348
20121210,5.8392,5.8881,5.7762,5.8252,307814368
20121211,5.8182,5.8531,5.7692,5.7902,164350988
20121212,5.7972,5.9371,5.7972,5.8741,249001567
20121213,5.8392,5.9091,5.7902,5.7972,177455170
20121214,5.8182,6.2867,5.8182,6.2238,492484070
20121217,6.2937,6.3706,6.2517,6.3427,364339790
20121218,6.3007,6.4965,6.2727,6.3916,335878706
20121219,6.3706,6.4056,6.2797,6.3287,252639025
20121220,6.2867,6.3427,6.2098,6.3357,214143754
20121221,6.3357,6.3706,6.2098,6.2727,187072731
20121224,6.2517,6.4755,6.2517,6.3566,192539098
20121225,6.3427,6.6853,6.3217,6.6084,334944165
20121226,6.6154,6.6364,6.5524,6.6154,137298620
20121227,6.6154,6.7413,6.5175,6.5664,182822562
20121228,6.5524,6.7413,6.5524,6.7063,171027774
20121231,6.7413,6.9650,6.7343,6.9371,283785856
20130104,7.0629,7.1748,6.9441,7.0070,373854638
20130107,7.0280,7.2308,7.0000,7.2168,354927308
20130108,7.2308,7.2378,7.0350,7.0769,221437200
20130109,7.0559,7.1189,6.9790,7.0909,251545838
20130110,7.0699,7.1399,6.9860,7.0210,173354315
20130111,7.0420,7.0769,6.8322,6.8671,245312873
20130114,6.8182,7.2448,6.8182,7.2378,326947866
20130115,7.2378,7.2797,7.1469,7.2238,191675774
20130116,7.1888,7.2168,6.9790,7.0769,224069376
20130117,7.0280,7.1119,6.9091,7.0140,166840992
20130118,7.0490,7.1678,6.9720,7.1049,185717882
20130121,7.1329,7.3007,7.0280,7.2727,254761481
20130122,7.2587,7.5245,7.1678,7.3287,346377552
20130123,7.3007,7.4266,7.2517,7.4126,223034952
20130124,7.4126,7.7203,7.3636,7.4196,457901012
20130125,7.4126,7.4685,7.3636,7.4545,128295032
20130128,7.4545,7.8392,7.4476,7.8182,376217548
20130129,7.8392,8.0210,7.7692,7.9021,273226301
20130130,7.8951,7.9441,7.7552,7.8601,246205179
20130131,7.8601,8.0420,7.7762,8.0280,259040481
20130201,7.9790,8.3706,7.9091,8.3566,319114788
20130204,8.3776,8.5804,8.2727,8.4406,388302925
20130205,8.3287,8.3916,8.1469,8.3007,253030903
20130206,8.2867,8.4266,8.1958,8.3916,191259905
20130207,8.3916,8.4056,7.8112,7.9930,450726855
20130208,7.9720,8.0070,7.7343,7.9301,280144009
20130218,7.9860,8.0420,7.8252,7.8741,170244144
20130219,7.8531,7.9091,7.7413,7.7622,163828324
20130220,7.7622,7.7762,7.3986,7.5594,378267947
20130221,7.4476,7.4685,6.9930,7.1469,415831581
20130222,7.1259,7.2308,7.0490,7.0909,204813799
20130225,7.1399,7.2727,7.1329,7.2168,166272599
20130226,7.1329,7.5245,7.0979,7.2238,341187523
20130227,7.2448,7.4825,7.2098,7.2657,227106501
20130228,7.3776,7.7413,7.2657,7.7343,321261606
20130301,7.7413,7.9091,7.5524,7.8112,319188734
20130304,7.5944,7.6224,7.1818,7.2657,373232892
20130305,7.2448,7.8462,7.2448,7.7413,334059059
20130306,7.8042,7.9091,7.6643,7.7692,294053218
20130307,7.7063,7.7622,7.3496,7.5245,273923870
20130308,7.5594,7.6084,7.4126,7.4895,147356476
20130311,7.4615,7.4615,7.2797,7.3217,134536146
20130312,7.3147,7.4476,7.1189,7.1958,189187025
20130313,7.1958,7.2867,7.0699,7.1678,151243136
20130314,7.2727,7.3846,7.1818,7.3077,233689696
20130315,7.3217,7.6434,7.2587,7.3496,306447958
20130318,7.3007,7.4406,7.2657,7.3287,203924387
20130319,7.3217,7.4545,7.2937,7.4476,163692416
20130320,7.4685,7.8322,7.4476,7.8252,362788554
20130321,7.8322,7.8881,7.6503,7.7622,276373124
20130322,7.6993,7.7692,7.6573,7.7343,175639073
20130325,7.7832,7.8601,7.6923,7.7203,127299427
20130326,7.6783,7.6853,7.4476,7.4825,180647983
20130327,7.4895,7.6573,7.4336,7.5245,162754999
20130328,7.1329,7.1678,6.7692,7.0070,426239350
20130329,7.0140,7.1399,6.9301,7.0839,187371129
20130401,7.0350,7.1329,7.0140,7.0280,108754525
20130402,7.0420,7.1119,6.9510,7.0140,119664599
20130403,7.0280,7.0979,6.9580,7.0350,126935053
20130408,6.9021,6.9860,6.7832,6.9371,127983661
20130409,6.9650,7.0769,6.9650,7.0210,94103432
20130410,7.0140,7.0210,6.9371,6.9930,78059192
20130411,7.0490,7.0769,6.9930,7.0070,61924362
20130412,7.0140,7.0350,6.9231,6.9510,59820184
20130415,6.9510,6.9860,6.8462,6.8741,108341980
20130416,6.8182,6.8741,6.7133,6.8112,180572849
20130417,6.8112,6.8112,6.6573,6.7063,123378315
20130418,6.6154,6.7552,6.5874,6.7343,147893369
20130419,6.7483,7.1259,6.7273,7.0909,255505294
20130422,7.0699,7.1469,7.0629,7.1469,176381553
20130423,7.1888,7.1958,6.8531,6.8811,155622345
20130424,6.8951,7.0979,6.8322,7.0140,150157211
20130425,6.9930,7.0420,6.8671,6.9301,106278077
20130426,6.9650,7.0000,6.8881,6.9091,75513192
20130502,6.8322,6.8951,6.7552,6.8671,115354989
20130503,6.9021,7.1119,6.8741,7.0000,156404076
20130506,7.0140,7.1399,6.9720,7.0839,125647338
20130507,7.0559,7.0629,6.9790,7.0350,85937211
20130508,7.0769,7.1329,7.0000,7.0280,103179532
20130509,7.0350,7.0490,6.9161,6.9720,92474287
20130510,6.9441,7.0350,6.9161,7.0140,90271614
20130513,7.0070,7.0699,6.9441,7.0070,95801857
20130514,7.0140,7.0280,6.9441,6.9720,96307721
20130515,6.9790,7.0070,6.9441,6.9860,67604542
20130516,6.9860,7.1049,6.8811,7.0979,159655643
20130517,7.0979,7.1888,7.0280,7.1608,175825863
20130520,7.1748,7.3706,7.1329,7.2797,224297185
20130521,7.2587,7.2867,7.1608,7.2308,131238600
20130522,7.2238,7.2587,7.1888,7.2448,101826995
20130523,7.1958,7.2238,7.0979,7.0979,117953182
20130524,7.1329,7.1888,7.0629,7.1329,90420305
20130527,7.1399,7.2238,7.1189,7.1958,99452197
20130528,7.2028,7.3846,7.1678,7.3776,159269251
20130529,7.3986,7.4266,7.3496,7.3566,130786390
20130530,7.3287,7.4266,7.3217,7.3706,127920358
20130531,7.3846,7.4266,7.3147,7.3217,145682108
20130603,6.9720,7.0000,6.8601,6.8811,118956108
20130604,6.9161,6.9161,6.7832,6.8112,86035316
20130605,6.8112,6.8322,6.7133,6.7483,80660248
20130606,6.7203,6.7622,6.5874,6.6084,103557163
20130607,6.6503,6.6923,6.5175,6.5385,103452035
20130613,6.4685,6.4685,6.2308,6.3077,182782993
20130614,6.3427,6.3427,6.2797,6.3077,110868880
20130617,6.3287,6.3636,6.2657,6.3007,74416005
20130618,6.3287,6.3776,6.3007,6.3427,57713148
20130619,6.3287,6.3287,6.1678,6.2168,75939851
20130620,6.1958,6.1958,5.8741,5.8881,196727259
20130621,5.8112,5.9231,5.7483,5.7902,210842939
20130624,5.7972,5.7972,5.2448,5.2587,357467626
20130625,5.2098,5.4825,5.0210,5.4545,352639720
20130626,5.5245,5.5594,5.3357,5.4336,187028178
20130627,5.4895,5.5385,5.3846,5.5105,179927296
20130628,5.4685,5.8042,5.4266,5.7902,225588148
20130701,5.7483,5.7832,5.6434,5.7133,123018701
20130702,5.7203,5.7483,5.5594,5.6993,120147989
20130703,5.6643,5.6713,5.5734,5.6224,99657147
20130704,5.6364,5.7902,5.6084,5.6783,122686119
20130705,5.6713,5.7483,5.6503,5.6713,84033011
20130708,5.5944,5.6294,5.5245,5.5315,91487937
20130709,5.5385,5.5664,5.5105,5.5385,58579275
20130710,5.5594,5.6853,5.5245,5.6713,86985644
20130711,5.7133,6.2378,5.7133,6.1958,392037986
20130712,6.1259,6.1888,5.8951,5.9371,231962263
20130715,5.9790,6.0909,5.8811,5.9860,148506821
20130716,5.9580,5.9790,5.8811,5.9720,112155574
20130717,5.9580,5.9790,5.8601,5.9091,113670283
20130718,5.8811,5.9091,5.7063,5.7343,141633459
20130719,5.7483,5.7622,5.6084,5.6154,109026443
20130722,5.5245,5.5874,5.4685,5.5594,136639438
20130723,5.5874,5.7552,5.5524,5.6923,165746325
20130724,5.6224,5.6573,5.5245,5.5944,124997086
20130725,5.6084,5.6713,5.5664,5.6084,88675499
20130726,5.5804,5.6014,5.5524,5.5734,61204719
20130729,5.5245,5.5245,5.3916,5.4126,120861475
20130730,5.4406,5.5664,5.4126,5.4825,98537918
20130731,5.5315,5.6084,5.4685,5.4965,71979642
20130801,5.5385,5.6084,5.5035,5.5874,84311914
20130802,5.6364,5.6783,5.5734,5.5804,82607025
20130805,5.5804,5.6434,5.5594,5.6364,75870248
20130806,5.6154,5.6503,5.5804,5.6154,118401849
20130807,5.6154,5.6923,5.5944,5.6014,98212281
20130808,5.6014,5.6434,5.5594,5.5874,78094230
20130809,5.6294,5.6503,5.5664,5.6014,79341507
20130812,5.6224,5.8182,5.6014,5.8112,204148019
20130813,5.8042,5.8951,5.7832,5.8881,169701789
20130814,5.9021,5.9650,5.8042,5.8112,174322248
20130815,5.8112,5.8531,5.7343,5.7483,96002719
20130816,5.7133,6.3217,5.6993,5.8112,378539007
20130819,5.7622,5.9441,5.7552,5.9091,178327832
20130820,5.8881,6.1399,5.8671,5.9510,219656119
20130821,5.9650,6.0000,5.8531,5.9091,93997080
20130822,5.8811,6.0280,5.8741,5.9021,86266866
20130823,5.9720,6.0350,5.7692,5.8881,168067942
20130826,5.9091,6.1399,5.8741,6.1119,231259810
20130827,6.1189,6.3287,6.0839,6.2587,321282294
20130828,6.2098,6.3986,6.1469,6.2937,348312197
20130829,6.3706,6.4406,6.1958,6.2378,209490645
20130830,6.1958,6.3287,6.1259,6.2867,184674991
20130902,6.3706,6.4965,6.2587,6.2727,201968767
20130903,6.2657,6.3776,6.2168,6.3566,200748635
20130904,6.3217,6.4615,6.3147,6.3916,203703577
20130905,6.4266,6.4266,6.3357,6.3846,133768504
20130906,6.3986,6.9021,6.3776,6.6923,430451610
20130909,7.1888,7.3636,7.1189,7.3636,829670590
20130910,7.6923,8.0350,7.5315,7.9720,177723667
20130911,7.8392,8.0210,7.8322,7.8811,863077952
20130912,7.9021,8.6713,7.8042,8.5664,1489384386
20130913,8.4476,8.5804,8.2028,8.3287,946154567
20130916,8.3916,8.4056,7.8531,8.0350,1000275469
20130917,7.9790,8.0280,7.5315,7.5734,731785258
20130918,7.6573,7.8252,7.5734,7.6923,572246155
20130923,7.7273,7.8322,7.5524,7.8182,648691097
20130924,7.8252,7.8322,7.3916,7.5594,681967886
20130925,7.5105,7.8182,7.4755,7.5385,549328975
20130926,7.5175,7.5245,7.0420,7.1119,641346188
20130927,7.0699,7.2238,7.0280,7.1608,348608844
20130930,7.2308,7.2517,7.0070,7.0559,366810595
20131008,7.0140,7.2238,6.9091,7.1538,369575168
20131009,7.0629,7.3147,7.0420,7.1818,348941761
20131010,7.2028,7.2378,6.9441,6.9790,356391772
20131011,7.0629,7.4476,6.9930,7.3776,632004607
20131014,7.3077,7.3427,7.1678,7.1958,391833309
20131015,7.2028,7.2378,7.0070,7.0699,303623288
20131016,7.0559,7.0559,6.8671,6.9301,310771752
20131017,7.0000,7.0420,6.8601,6.8671,207712449
20131018,6.8671,7.0350,6.8531,6.9091,185685178
20131021,6.9580,7.1049,6.8531,7.0769,302946811
20131022,7.0699,7.0699,6.8951,6.9441,223096352
20131023,6.9580,7.2378,6.9301,7.0070,372533844
20131024,6.9650,7.1049,6.8671,6.9790,243104853
20131025,7.0000,7.1748,6.9860,7.0420,366829687
20131028,7.0490,7.1469,6.9371,7.0979,234660308
20131029,7.1469,7.4755,7.1189,7.3287,706726091
20131030,7.3287,7.4266,7.2098,7.4056,430667164
20131031,7.3986,7.4126,7.2098,7.2238,302641702
20131101,7.2168,7.3636,7.1538,7.2867,234601884
20131104,7.3287,7.3706,7.1748,7.2028,198464537
20131105,7.1469,7.1678,7.0210,7.1329,246727233
20131106,7.0420,7.1329,6.9930,7.0140,215967986
20131107,7.0490,7.1259,6.9720,7.0280,164426865
20131108,7.0070,7.0629,6.9441,6.9790,157855966
20131111,6.9860,7.0070,6.9231,6.9720,114055721
20131112,7.0000,7.1259,6.9930,7.0769,171106910
20131113,7.0210,7.0280,6.7343,6.7413,298461697
20131114,6.7133,6.7692,6.5664,6.6364,241828765
20131115,6.6364,6.8881,6.6294,6.7692,258207313
20131118,6.8182,7.0699,6.7552,7.0629,330724581
20131119,7.0629,7.0629,6.9580,6.9720,183778780
20131120,7.0000,7.1189,6.9720,7.0280,180160795
20131121,6.9930,7.0490,6.8392,7.0420,246447265
20131122,7.0280,7.0699,6.9790,7.0350,187497254
20131125,6.9860,7.0699,6.9371,6.9441,138376881
20131126,6.9231,7.0140,6.9091,6.9231,104186490
20131127,6.9021,7.0490,6.8252,6.9441,192130684
20131128,6.9580,7.0350,6.9231,6.9650,174229777
20131129,7.0350,7.0769,6.9650,6.9860,160863514
20131202,7.0629,7.2308,6.9860,7.2168,584802230
20131203,7.1818,7.2308,7.0909,7.1748,255903809
20131204,7.1608,7.3916,7.1329,7.2727,405123747
20131205,7.2727,7.3007,7.1888,7.2378,215308602
20131206,7.2308,7.2308,7.0839,7.1469,225559682
20131209,7.1399,7.1678,7.0490,7.0699,159211037
20131210,7.0769,7.1399,7.0490,7.0909,127951449
20131211,7.0699,7.0839,6.9301,6.9441,181862721
20131212,6.9301,6.9650,6.9021,6.9091,128469805
20131213,6.8811,6.8881,6.8322,6.8741,140318212
20131216,6.8881,6.9720,6.7972,6.8112,171317011
20131217,6.8252,6.8322,6.7552,6.7762,111720503
20131218,6.7902,6.8531,6.7692,6.7902,78924225
20131219,6.8182,6.8392,6.7133,6.7203,101535019
20131220,6.7343,6.7413,6.5315,6.5455,153859192
20131223,6.5804,6.6294,6.5105,6.5315,90111239
20131224,6.5524,6.5804,6.4685,6.5315,102678198
20131225,6.5245,6.5385,6.3986,6.4825,127274668
20131226,6.4755,6.4825,6.3357,6.3566,118001669
20131227,6.3566,6.5175,6.3496,6.4615,125914804
20131230,6.5035,6.5175,6.4266,6.4336,100684513
20131231,6.4406,6.6643,6.4126,6.5944,153348974
20140102,6.6014,6.6084,6.4965,6.5245,99844082
20140103,6.4895,6.5035,6.3496,6.3916,126343315
20140106,6.5105,6.5315,6.3846,6.4266,167692811
20140107,6.4126,6.4406,6.3007,6.3916,103175854
20140108,6.3916,6.5175,6.3706,6.4336,112402977
20140109,6.4336,6.6014,6.4056,6.4965,157266771
20140110,6.4895,6.6084,6.4615,6.5804,133533368
20140113,6.6014,6.6224,6.5245,6.5664,94287569
20140114,6.5734,6.5944,6.4685,6.5734,113985680
20140115,6.5664,6.5734,6.4056,6.4545,110977499
20140116,6.4476,6.4755,6.4126,6.4196,96102782
20140117,6.4126,6.4126,6.3427,6.3776,94447919
20140120,6.3636,6.3846,6.3217,6.3427,60195552
20140121,6.3636,6.4755,6.3566,6.4056,68062325
20140122,6.4196,6.5594,6.4126,6.5315,130683806
20140123,6.5105,6.5315,6.4406,6.4476,90169232
20140124,6.4126,6.5175,6.3916,6.4545,101182803
20140127,6.4266,6.4336,6.3636,6.3776,99897868
20140128,6.3776,6.4965,6.3776,6.4266,81987073
20140129,6.4615,6.5105,6.4336,6.4965,101591239
20140130,6.4825,6.5035,6.3986,6.4126,75087765
20140207,6.3846,6.4196,6.3427,6.4196,73125797
20140210,6.4196,6.5035,6.4056,6.4965,130949551
20140211,6.5105,6.7692,6.4476,6.6713,303721144
20140212,6.6434,6.7413,6.6014,6.6434,152222560
20140213,6.6294,6.8811,6.5804,6.7133,282804150
20140214,6.7133,6.7343,6.6503,6.7063,115119618
20140217,6.7273,6.7552,6.6294,6.6573,154320287
20140218,6.6503,6.6503,6.4545,6.4755,188720318
20140219,6.4685,6.6923,6.4336,6.6364,215543476
20140220,6.6643,6.8042,6.5455,6.5664,206788569
20140221,6.5664,6.5944,6.4476,6.4965,117144340
20140224,6.4336,6.4406,6.2727,6.3007,193434950
20140225,6.3007,6.3496,6.1608,6.1748,161573097
20140226,6.1608,6.2168,6.1329,6.1888,114129818
20140227,6.1888,6.3147,6.1608,6.2517,160955092
20140228,6.2238,6.3007,6.1538,6.2308,107861848
20140303,6.2308,6.2378,6.1608,6.1888,116387687
20140304,6.1818,6.2308,6.0699,6.2028,162267615
20140305,6.1958,6.2098,6.0699,6.0839,95490054
20140306,6.0839,6.1958,6.0280,6.1538,150466989
20140307,6.1538,6.2308,6.0909,6.1049,122975192
20140310,6.0629,6.0909,5.8881,5.9021,143480465
20140311,5.8951,5.9650,5.8671,5.9161,101700913
20140312,5.9231,6.0629,5.8671,5.9860,157970116
20140313,6.1259,6.3846,6.0699,6.1818,283305685
20140314,6.1399,6.3147,6.0979,6.2867,257070023
20140317,6.2867,6.2867,6.2867,6.2867,0
20140318,6.4476,6.4545,6.2028,6.2168,240190450
20140319,6.1888,6.3427,6.1259,6.3287,134188651
20140320,6.2657,6.4336,6.2587,6.2867,237463988
20140321,6.2797,6.9161,6.2727,6.9161,826154108
20140324,6.9161,7.0000,6.8112,6.8531,787841500
20140325,6.8252,6.8951,6.7692,6.8182,322213962
20140326,6.8392,6.8741,6.6503,6.6993,269776263
20140327,6.6643,6.9510,6.6294,6.7762,443562337
20140328,6.7413,6.9371,6.7133,6.7622,336921760
20140331,6.7832,6.8322,6.6923,6.7972,168679917
20140401,6.7552,6.8811,6.7343,6.8042,173233388
20140402,6.8182,7.0210,6.7902,6.9510,316726461
20140403,6.9510,6.9930,6.7413,6.7622,289702464
20140404,6.7273,6.8182,6.6923,6.8042,148305573
20140408,6.7902,7.2098,6.7902,7.0909,557625770
20140409,7.0769,7.1259,7.0140,7.0629,238769595
20140410,7.0909,7.2797,7.0140,7.1538,360037015
20140411,7.1189,7.2168,7.0909,7.1678,268813965
20140414,7.1678,7.1958,7.0559,7.0769,191000282
20140415,7.0420,7.0490,6.8671,6.8881,251917590
20140416,6.8671,6.9720,6.8601,6.9231,144094723
20140417,6.9441,6.9720,6.8112,6.8252,211466109
20140418,6.8042,6.8601,6.7343,6.8392,165014080
20140421,6.8112,6.9650,6.7692,6.7902,187891019
20140422,6.7692,6.9371,6.7552,6.9231,201960917
20140423,6.8881,6.9930,6.8741,6.9091,195079976
20140424,6.9231,6.9790,6.8881,6.9021,117702554
20140425,6.9371,7.0350,6.8671,6.8811,258220143
20140428,6.8671,6.9021,6.7483,6.7622,176497924
20140429,6.7622,6.8671,6.7483,6.8531,126473959
20140430,6.9790,7.0070,6.8252,6.8322,203859254
20140505,6.8322,6.8462,6.6993,6.8112,148017982
20140506,6.7832,6.8531,6.7622,6.7832,84080605
20140507,6.7762,6.8182,6.7413,6.7552,80041086
20140508,6.7552,6.9021,6.7413,6.8182,136173025
20140509,6.8182,6.8671,6.7762,6.8252,107005944
20140512,6.8881,6.9650,6.8462,6.9441,185313107
20140513,6.9231,6.9510,6.8741,6.9231,94641039
20140514,6.9161,6.9371,6.8392,6.8601,163527834
20140515,6.8462,6.8741,6.7902,6.8042,100710502
20140516,6.7832,6.8531,6.7832,6.8182,81713388
20140519,6.7972,6.7972,6.6224,6.6573,196490548
20140520,6.6853,6.7133,6.6294,6.6783,91602581
20140521,6.6573,6.7203,6.5804,6.7133,77646197
20140522,6.7063,6.8042,6.6923,6.7133,102514713
20140523,6.7203,6.7832,6.7063,6.7832,67291999
20140526,6.8252,6.8392,6.7762,6.8112,77375817
20140527,6.8042,6.8112,6.7273,6.7552,106443701
20140528,6.7552,6.7972,6.7133,6.7692,132243973
20140529,6.7692,6.7972,6.7133,6.7273,107619689
20140530,6.7273,6.7343,6.6783,6.6923,98808482
20140603,6.7063,6.7413,6.6643,6.6713,101017034
20140604,6.6783,6.6853,6.5734,6.6084,123332363
20140605,6.6084,6.7343,6.5944,6.7273,80795479
20140606,6.7133,6.7273,6.6084,6.6503,76399204
20140609,6.6154,6.7622,6.6154,6.6713,83271351
20140610,6.7063,6.7483,6.6573,6.7343,97607256
20140611,6.7063,6.7343,6.6783,6.7063,66258772
20140612,6.6923,6.7063,6.6573,6.6713,61372300
20140613,6.6783,6.8392,6.6713,6.8042,185363598
20140616,6.8042,6.9021,6.7762,6.8601,169422634
20140617,6.8741,6.8741,6.7902,6.8042,130583425
20140618,6.8042,6.8322,6.7902,6.8042,95037794
20140619,6.8112,6.8601,6.7133,6.7413,98536237
20140620,6.7413,6.7902,6.7273,6.7832,82461998
20140623,6.7902,6.8322,6.7343,6.7552,123007962
20140624,6.3287,6.3566,6.3007,6.3217,119126917
20140625,6.3287,6.3287,6.2727,6.2797,66920826
20140626,6.2797,6.3217,6.2797,6.2867,61565032
20140627,6.2867,6.3077,6.2657,6.2727,61079931
20140630,6.2797,6.3496,6.2797,6.3287,75282477
20140701,6.3496,6.3636,6.3007,6.3357,60895835
20140702,6.3357,6.3566,6.3077,6.3357,59005789
20140703,6.3357,6.3566,6.3147,6.3427,92311121
20140704,6.3496,6.3566,6.3287,6.3427,67587435
20140707,6.3427,6.3496,6.3147,6.3287,61248909
20140708,6.3287,6.3357,6.3007,6.3287,75207938
20140709,6.3287,6.3287,6.2308,6.2378,108436395
20140710,6.2378,6.2587,6.2238,6.2378,61897256
20140711,6.2378,6.2867,6.2308,6.2517,83599538
20140714,6.2448,6.3007,6.2238,6.2937,71775037
20140715,6.3007,6.3077,6.2797,6.3007,81984213
20140716,6.3007,6.3287,6.2937,6.3077,82593958
20140717,6.3147,6.3217,6.2727,6.2867,61598854
20140718,6.2797,6.3287,6.2657,6.3077,86005305
20140721,6.3007,6.3077,6.2727,6.2797,62054189
20140722,6.2657,6.3636,6.2657,6.3357,144696622
20140723,6.3217,6.3916,6.3217,6.3496,135952805
20140724,6.3566,6.5594,6.3566,6.5175,336060632
20140725,6.5594,6.6014,6.5035,6.5664,192279152
20140728,6.6014,6.8741,6.6014,6.8252,451675029
20140729,6.8531,6.9091,6.7972,6.8392,290360682
20140730,6.9161,6.9371,6.7622,6.7902,261301387
20140731,6.7762,6.8601,6.7552,6.8531,161595209
20140801,6.8322,6.9650,6.8112,6.8252,285022284
20140804,6.8671,6.9510,6.8042,6.9371,238811937
20140805,6.9371,6.9580,6.8531,6.9021,167227174
20140806,6.8741,6.8741,6.7552,6.8112,192379390
20140807,6.8182,6.8392,6.6783,6.6853,201979210
20140808,6.6853,6.7133,6.6434,6.6713,173005349
20140811,6.6923,6.8042,6.6923,6.7832,142860313
20140812,6.7762,6.7832,6.7133,6.7413,115624351
20140813,6.7413,6.7692,6.6643,6.7203,138998412
20140814,6.7343,6.7692,6.6993,6.7133,146325699
20140815,6.7343,6.7832,6.6993,6.7692,119416205
20140818,6.7762,6.8601,6.7622,6.7972,137439678
20140819,6.8392,6.8392,6.7413,6.7902,142708514
20140820,6.7902,6.7902,6.7343,6.7413,100293826
20140821,6.7413,6.7483,6.5944,6.6434,168821771
20140822,6.6434,6.6993,6.6224,6.6713,109946609
20140825,6.6573,6.6643,6.5874,6.6014,129552443
20140826,6.5944,6.6434,6.5804,6.6154,121855470
20140827,6.6084,6.6434,6.5944,6.6084,78119139
20140828,6.6084,6.6084,6.5455,6.5455,100513501
20140829,6.5734,6.6294,6.5455,6.6224,77050695
20140901,6.6364,6.6573,6.6014,6.6364,98066648
20140902,6.6503,6.7343,6.6154,6.7133,184049185
20140903,6.7343,6.8112,6.7273,6.7692,183880997
20140904,6.7832,6.7972,6.7343,6.7902,141454458
20140905,6.8042,6.8392,6.7762,6.8112,181504047
20140909,6.8182,6.8671,6.7692,6.7832,177128470
20140910,6.7483,6.7552,6.6923,6.7063,159673106
20140911,6.7133,6.8042,6.6923,6.7133,171261365
20140912,6.7203,6.7203,6.6643,6.7133,114823989
20140915,6.6853,6.7413,6.6503,6.7133,142205586
20140916,6.7483,6.8252,6.7063,6.7273,318534675
20140917,6.7343,6.7552,6.6643,6.6923,166705750
20140918,6.6853,6.8182,6.6643,6.8042,313161226
20140919,6.7972,6.9301,6.7832,6.8881,408986838
20140922,6.8741,6.8741,6.7203,6.7203,222432042
20140923,6.7203,6.7762,6.7133,6.7343,126160534
20140924,6.7203,6.8462,6.7063,6.8252,218271376
20140925,6.8462,6.8741,6.7692,6.7902,196219337
20140926,6.7762,6.8112,6.7413,6.7972,115255607
20140929,6.8182,6.8601,6.7972,6.8252,174121108
20140930,6.8392,6.8531,6.7832,6.8182,150283384
20141008,6.8392,6.8881,6.8042,6.8811,204095954
20141009,6.8881,6.9510,6.8601,6.8881,187284550
20141010,6.8531,6.9301,6.8322,6.8741,190233165
20141013,6.8462,6.8741,6.7692,6.8042,157058644
20141014,6.7972,6.8671,6.7762,6.7972,120124152
20141015,6.7972,6.8881,6.7413,6.8462,191508838
20141016,6.8112,7.0210,6.7832,6.9161,423804608
20141017,6.9091,6.9930,6.8182,6.8881,230258395
20141020,6.9441,6.9580,6.8671,6.9231,164047823
20141021,6.9161,6.9301,6.8252,6.8392,150565609
20141022,6.8462,6.9091,6.8182,6.8392,128717135
20141023,6.8392,6.9091,6.7972,6.8182,169335343
20141024,6.8322,6.8462,6.7552,6.7692,154887099
20141027,6.7273,6.7343,6.5734,6.6224,198669166
20141028,6.6434,6.7203,6.6434,6.7063,144492997
20141029,6.7203,6.8182,6.6923,6.7832,230302408
20141030,6.7972,6.8881,6.7483,6.8601,252796146
20141031,6.9091,7.2587,6.8881,7.1329,702222536
20141103,7.1678,7.1888,7.0629,7.1049,355171415
20141104,7.1329,7.1329,7.0070,7.0420,233394076
20141105,7.0490,7.0699,6.9650,6.9860,225312833
20141106,7.0000,7.0210,6.9580,7.0140,145664224
20141107,7.0000,7.2657,6.9790,7.1189,582173190
20141110,7.3636,7.5594,7.2867,7.3776,699808915
20141111,7.4266,7.8741,7.4266,7.6364,934846731
20141112,7.5874,7.7413,7.5105,7.7273,387585160
20141113,7.7622,7.9580,7.5944,7.6503,530907499
20141114,7.6084,7.6783,7.5175,7.6224,283732514
20141117,7.6503,7.7483,7.5035,7.5175,306763364
20141118,7.5175,7.5524,7.2937,7.3077,364508285
20141119,7.2937,7.3706,7.2657,7.3217,207817103
20141120,7.3077,7.4545,7.2517,7.3916,232235567
20141121,7.3986,7.5664,7.3147,7.5455,300296626
20141124,7.3916,7.6853,7.3077,7.5944,677891395
20141125,7.5594,7.7552,7.5175,7.7483,413970832
20141126,7.8671,7.9930,7.7622,7.9161,646736583
20141127,8.0280,8.1958,7.8881,8.0280,628825734
20141128,8.0629,8.7273,8.0280,8.6713,1190022056
20141201,8.7063,9.0769,8.4755,8.5035,868396619
20141202,8.4126,9.1469,8.4126,9.0000,842800574
20141203,8.9790,9.2937,8.6154,8.7972,1044702870
20141204,8.7972,9.3007,8.6503,9.2797,1029659586
20141205,9.3846,9.7902,9.0210,9.4615,1229296090
20141208,9.3636,9.8182,9.2308,9.6573,1006609175
20141209,9.4825,9.9021,8.7133,8.8462,1242947098
20141210,8.8811,9.2657,8.5385,9.2028,886989524
20141211,9.0629,9.4755,8.9860,9.1259,632876788
20141212,9.1259,9.3566,8.9371,9.0769,444099002
20141215,8.9510,8.9650,8.7133,8.9231,479086342
20141216,9.0070,9.3007,8.9860,9.2937,627323847
20141217,9.4336,10.0629,9.3217,9.8671,1243676126
20141218,9.9441,10.0280,9.5874,9.7133,714467829
20141219,9.7622,9.9301,9.5315,9.8531,623829217
20141222,9.9161,10.6294,9.8881,10.2657,977332803
20141223,10.0699,10.4755,9.8462,9.8671,631457659
20141224,9.8671,9.9301,9.3077,9.4126,597138740
20141225,9.6154,9.9790,9.4615,9.9650,651682327
20141226,10.0000,10.3776,9.9231,10.3287,667785863
20141229,10.7692,11.1049,10.2867,10.4545,894059088
20141230,10.4545,10.8392,10.3706,10.7413,634427449
20141231,10.8042,11.0420,10.5664,10.9720,670430244
20150105,11.1469,11.3636,10.8811,11.2378,734403253
20150106,11.1888,11.6643,11.0629,11.2797,731708885
20150107,11.1189,11.3077,10.8601,11.0559,551575052
20150108,11.0979,11.1049,10.6294,10.6643,472796855
20150109,10.6294,11.3636,10.5664,10.7902,703559909
20150112,10.8392,10.9860,10.4545,10.6434,525935794
20150113,10.5804,10.7762,10.5594,10.6154,255119087
20150114,10.7063,11.0420,10.7063,10.8322,441896962
20150115,10.8322,11.2937,10.7622,11.2727,471652394
20150116,11.3566,11.7133,11.3007,11.5175,686751618
20150119,10.7552,11.0000,10.3636,10.3636,891634858
20150120,10.4056,10.6084,10.1958,10.4895,685278509
20150121,10.5594,11.0979,10.3566,11.0070,697182727
20150122,11.0000,11.0210,10.7343,10.9301,421475713
20150123,11.0070,11.2168,10.8671,10.9301,457661478
20150126,10.8811,10.9021,10.5804,10.7902,384050698
20150127,10.7972,10.7972,10.3147,10.4965,503237034
20150128,10.3636,10.5664,10.2517,10.3566,346350367
20150129,10.1958,10.2657,10.0140,10.0839,381764358
20150130,10.1958,10.2727,10.0420,10.1189,297247417
20150202,9.8322,9.9720,9.7832,9.8182,302613278
20150203,9.9371,10.1119,9.8042,10.1049,280656903
20150204,10.1399,10.2028,9.8741,9.9161,240091593
20150205,10.3147,10.3497,9.9091,9.9161,563895749
20150206,9.8531,10.0140,9.7552,9.8531,266762956
20150209,9.8322,9.9790,9.6853,9.9021,321157280
20150210,9.8951,10.1259,9.8462,10.0909,262681723
20150211,10.0909,10.1678,10.0070,10.0839,177501748
20150212,10.0839,10.0909,9.8671,10.0350,213004437
20150213,10.1399,10.2587,10.0350,10.0909,297964538
20150216,10.0909,10.1119,9.9720,10.0699,199084634
20150217,10.0839,10.1958,10.0769,10.1189,172551326
20150225,10.1259,10.1399,9.9161,9.9860,201533593
20150226,9.9650,10.2657,9.8671,10.2238,307469988
20150227,10.2098,10.3497,10.1259,10.1608,279717824
20150302,10.1958,10.1958,10.0420,10.1259,312831484
20150303,10.0979,10.0979,9.7762,9.7902,380912553
20150304,9.8252,9.8392,9.6853,9.7273,223932272
20150305,9.6783,9.6783,9.4476,9.4965,323901549
20150306,9.4965,9.6364,9.4685,9.5315,183092004
20150309,9.6573,10.2797,9.5175,10.1469,621766110
20150310,10.0140,10.0490,9.8392,9.8601,364428012
20150311,9.9091,10.1818,9.9091,9.9650,307549702
20150312,10.2448,10.8811,10.1958,10.5734,904878084
20150313,10.6224,11.0490,10.5455,10.6923,629455081
20150316,10.8811,10.9161,10.6294,10.8182,452046833
20150317,10.9091,10.9650,10.7413,10.8671,442839032
20150318,10.8881,11.1049,10.7902,11.1049,507156847
20150319,11.1049,11.1119,10.8951,10.9371,452982404
20150320,10.9231,11.2517,10.7483,11.0140,652839647
20150323,11.0629,11.2168,11.0280,11.1259,511357618
20150324,11.1119,11.1888,10.9091,10.9720,464260285
20150325,10.9091,10.9930,10.5944,10.6573,474374374
20150326,10.5944,10.8951,10.5175,10.7413,403747219
20150327,10.7133,10.8741,10.6084,10.7413,311990218
20150330,10.8741,11.3287,10.7972,11.2028,697043003
20150331,11.5245,11.5944,11.0070,11.0420,706490433
20150401,11.0420,11.2867,11.0140,11.1538,437406087
20150402,11.3986,11.4545,11.0979,11.3147,586425342
20150403,11.1888,11.3916,11.1399,11.3287,458116955
20150407,11.5385,11.7972,11.5035,11.6853,718232090
20150408,11.6993,11.9161,11.5035,11.9021,736187416
20150409,11.9231,12.2238,11.7483,11.7972,711189704
20150410,11.7902,12.2867,11.7203,12.2587,645707126
20150413,12.5804,12.9231,12.3217,12.6084,831411430
20150414,12.6084,12.6154,12.2797,12.5105,533156997
20150415,12.4476,12.9021,12.3846,12.5594,642990784
20150416,12.5664,13.0559,12.4825,13.0420,594857939
20150417,13.2517,13.3217,12.9161,13.0070,700927829
20150420,13.0909,13.0909,12.3077,12.5175,818583206
20150421,12.4126,12.7203,12.4126,12.6993,526518393
20150422,12.7972,12.9720,12.6434,12.9371,601696442
20150423,12.9371,13.0350,12.6643,12.7413,519938892
20150424,12.4476,12.6084,12.2098,12.3636,604785765
20150427,12.3916,12.7622,12.3916,12.7063,549894219
20150428,12.7552,13.2867,12.5874,12.7972,858077205
20150429,12.7762,13.0490,12.6294,12.9580,512503035
20150430,12.7832,12.9091,12.6224,12.6364,590247546
20150504,12.5874,12.5874,12.3077,12.4545,369032327
20150505,12.3986,12.4126,11.7832,11.9441,536802604
20150506,11.9441,12.2448,11.8671,11.9301,434159264
20150507,11.9091,12.0839,11.8741,11.9371,306578705
20150508,12.0210,12.0979,11.7622,11.9650,263920800
20150511,11.8741,12.1049,11.7413,12.0769,396329400
20150512,12.0629,12.1678,11.9161,12.0559,313422167
20150513,12.1189,12.1608,11.8182,11.9371,350699632
20150514,11.9580,12.0629,11.8462,11.8811,275077587
20150515,11.8252,11.9371,11.6014,11.7343,299724091
20150518,11.6224,11.7203,11.4266,11.4545,268203941
20150519,11.4476,11.9510,11.4336,11.9161,346419317
20150520,11.9161,12.2308,11.8671,11.9930,379916275
20150521,12.0629,12.1678,11.9580,12.1119,237956980
20150522,12.2098,12.4406,12.1259,12.4196,354765186
20150525,12.4825,12.7133,12.4755,12.6853,391640911
20150526,12.7413,12.9021,12.5245,12.8601,431381374
20150527,12.8951,13.0420,12.6224,12.6364,424627499
20150528,12.6573,12.6853,11.8951,11.9161,477666060
20150529,11.9441,12.1329,11.6853,11.9161,366204860
20150601,11.9161,12.6434,11.7902,12.5385,409522334
20150602,12.5385,12.5664,12.2378,12.4755,321657815
20150603,12.5105,12.6224,12.2657,12.5175,349119753
20150604,12.5874,13.1469,12.2937,13.0280,674766847
20150605,13.2867,13.4056,12.6014,12.8881,518260821
20150608,12.8881,12.8881,12.8881,12.8881,0
20150609,12.8881,12.8881,12.8881,12.8881,0
20150610,12.8881,12.8881,12.8881,12.8881,0
20150611,12.8881,12.8881,12.8881,12.8881,0
20150612,12.8881,12.8881,12.8881,12.8881,0
20150615,12.8881,12.8881,12.8881,12.8881,0
20150616,12.8881,12.8881,12.8881,12.8881,0
20150617,12.9301,13.2727,12.5524,12.7273,733759672
20150618,12.6503,12.7622,12.3357,12.3916,397964325
20150619,12.2937,12.5524,11.7762,11.9371,397669016
20150623,11.5035,11.9510,11.3566,11.9021,425780909
20150624,11.9091,12.0979,11.5944,12.0629,368690203
20150625,12.3077,12.4056,11.6434,11.6853,388458115
20150626,11.4895,11.9441,10.7203,11.0839,517340723
20150629,11.3986,11.5594,10.3566,11.1259,601566238
20150630,11.1399,11.8741,11.1259,11.8601,536838116
20150701,11.7552,11.8392,11.3287,11.4126,358295075
20150702,11.5385,11.7692,11.0559,11.4476,460838748
20150703,11.4615,11.6364,10.5594,11.0979,447162532
20150706,12.1678,12.2098,11.6294,12.0420,942973309
20150707,11.8462,12.4615,11.5105,12.2867,1020681807
20150708,11.3287,12.2378,11.0559,11.1538,1198269099
20150709,11.1538,12.1678,10.7552,11.8531,779689300
20150710,11.7203,12.6923,11.6434,12.0839,926309053
20150713,11.8811,12.2238,11.7552,11.9161,532810349
20150714,11.7343,11.8741,11.4406,11.7133,437187894
20150715,11.6783,11.9790,11.5455,11.9371,498002576
20150716,11.9371,11.9720,11.6853,11.8601,259405715
20150717,11.9091,12.0210,11.8042,11.9021,280176436
20150720,11.8881,11.9091,11.6434,11.6643,247272961
20150721,11.5944,11.6923,11.3986,11.4545,223463613
20150722,11.4196,11.4545,11.2937,11.3007,172104361
20150723,11.3566,11.5455,11.3147,11.4895,163771419
20150724,11.4895,11.5315,11.2797,11.2867,176761125
20150727,11.1888,11.2587,10.3776,10.4336,321880960
20150728,10.2657,10.7692,10.2238,10.6573,351915984
20150729,10.6434,10.6993,10.5734,10.6923,194277936
20150730,10.6923,10.7413,10.4056,10.4196,170058063
20150731,10.4685,10.6014,10.2448,10.5385,335966010
20150803,10.4825,10.9091,10.3916,10.8601,303684998
20150804,10.8252,10.9580,10.7552,10.9301,121770740
20150805,10.9091,10.9371,10.6783,10.7063,83205811
20150806,10.6014,10.8881,10.5874,10.7552,93490532
20150807,10.8951,10.9371,10.7622,10.8182,93382228
20150810,10.8042,11.0909,10.7343,11.0350,167221633
20150811,10.9790,11.0140,10.8462,10.8881,150298895
20150812,10.7692,10.9091,10.7552,10.7622,113233631
20150813,10.8182,10.8811,10.6923,10.8042,105868918
20150814,10.8182,10.8671,10.7483,10.8322,94889094
20150817,10.7762,10.7762,10.6434,10.7133,172875678
20150818,10.7343,10.8531,10.3706,10.3986,283776666
20150819,10.3986,10.6084,10.1399,10.4895,284658798
20150820,10.4476,10.4825,10.2517,10.2657,126018438
20150821,10.2168,10.3077,9.9301,9.9441,177023728
20150824,9.7413,9.7552,8.9510,9.0000,478848983
20150825,8.7692,9.1469,8.3287,8.6643,413943080
20150826,8.8462,9.3357,8.6713,9.1049,336356860
20150827,9.2028,9.8531,9.0769,9.7762,303172592
20150828,9.8601,10.0140,9.6853,9.9580,298799865
20150831,9.9301,10.4755,9.7622,10.4615,289758776
20150901,10.2517,10.7273,10.0769,10.7203,436013703
20150902,10.4196,10.7483,10.2937,10.4126,364714740
20150907,10.3007,10.4965,9.9021,10.1399,411766538
20150908,10.1538,10.6014,9.9441,10.5315,473064295
20150909,10.4266,10.6783,10.4266,10.6014,345942072
20150910,10.5315,10.6783,10.4615,10.6643,294221107
20150911,10.7343,10.9510,10.6993,10.8811,412853237
20150914,10.8392,11.1538,10.4406,11.1399,263029348
20150915,10.8601,10.8741,10.6573,10.8112,153871514
20150916,10.7063,11.0490,10.5105,10.7902,106004444
20150917,10.7273,10.8112,10.5594,10.5664,72713576
20150918,10.6014,10.6923,10.5035,10.5105,58485924
20150921,10.4615,10.5455,10.3776,10.4685,57898291
20150922,10.4685,10.6503,10.4685,10.5245,55303584
20150923,10.4266,10.4895,10.2657,10.4545,78050306
20150924,10.4545,10.6993,10.3986,10.6783,112773477
20150925,10.5944,10.9231,10.5944,10.9021,194581379
20150928,10.8741,11.1608,10.7832,11.1329,130738916
20150929,11.0420,11.1818,10.9580,11.1678,163292061
20150930,11.1538,11.6434,11.1189,11.6294,301784515
20151008,11.7483,11.7483,11.0699,11.0979,200281721
20151009,11.1678,11.2937,11.0839,11.1189,59381944
20151012,11.1189,11.3636,11.0000,11.2308,133895627
20151013,11.1748,11.2657,11.0839,11.1678,78219282
20151014,11.0559,11.2517,11.0559,11.1189,63345871
20151015,11.1189,11.1189,11.1189,11.1189,0
20151016,11.1189,11.1189,11.1189,11.1189,0
20151019,11.1189,11.1189,11.1189,11.1189,0
20151020,11.1189,11.1189,11.1189,11.1189,0
20151021,11.1189,11.1189,11.1189,11.1189,0
20151022,11.1189,11.1189,11.1189,11.1189,0
20151023,11.1189,11.1189,11.1189,11.1189,0
20151026,11.2098,11.5874,11.2098,11.3846,144488708
20151027,11.3497,11.5035,11.2937,11.4126,107155614
20151028,11.3706,11.5664,11.2517,11.4056,106143587
20151029,11.3986,11.6294,11.3497,11.6014,108337607
20151030,11.5385,11.6643,11.4545,11.4615,65015542
20151102,11.3986,11.5524,11.3427,11.4755,54515591
20151103,11.4685,11.7273,11.4476,11.5105,86493642
20151104,11.4895,11.8322,11.4895,11.7762,93027208
20151105,11.7832,12.6364,11.7133,12.3846,331473558
20151106,12.2517,12.7133,12.2448,12.5035,182459741
20151109,12.5315,13.4196,12.5035,12.6923,225682682
20151110,12.5874,13.0699,12.4615,12.8462,200810807
20151111,12.8741,12.9301,12.2378,12.3986,131746216
20151112,12.4476,12.4685,11.9930,12.1399,111239927
20151113,12.0280,12.3077,11.9930,12.2937,105009413
20151116,12.1259,12.2937,12.0280,12.1818,64556872
20151117,12.2098,12.4545,12.1818,12.1958,90861167
20151118,12.2168,12.3636,12.0559,12.1608,82345946
20151119,12.0979,12.5804,12.0979,12.5175,146637132
20151120,12.4545,13.0280,12.4336,12.9161,211934880
20151123,12.9441,13.3776,12.8951,13.3287,244821421
20151124,13.2168,13.3706,13.0000,13.3217,185026475
20151125,13.2168,13.7622,12.8951,13.7552,466930429
20151126,13.6364,13.7762,13.4266,13.5455,307370261
20151127,13.3986,13.5804,12.8671,12.9580,151020488
20151130,12.8951,13.1538,12.3077,13.0420,139616372
20151201,12.8322,13.2867,12.6434,13.0490,90705723
20151202,12.9441,13.9860,12.9231,13.8811,219659548
20151203,13.7762,13.8252,13.4406,13.4615,157795250
20151204,13.4755,13.4755,13.0699,13.0839,100494462
20151207,13.0839,13.6364,13.0839,13.6014,119185946
20151208,13.4825,14.0699,13.1538,14.0559,343035477
20151209,13.6923,13.6923,13.3636,13.4476,131630734
20151210,13.5245,13.9021,13.3636,13.4755,81640573
20151211,13.2937,13.4406,12.8881,13.0070,124505561
20151214,12.8042,13.0280,12.6084,12.9021,101153849
20151215,12.8951,13.1608,12.7063,12.8042,73910653
20151216,12.8392,12.9021,12.6643,12.7133,55341915
20151217,12.7692,13.0140,12.7273,12.9301,76224821
20151218,12.9301,13.8462,12.8881,13.1538,131863051
20151221,13.1399,13.5664,12.9650,13.3846,117960817
20151222,13.2937,13.4895,13.1259,13.2168,75965523
20151223,13.2238,13.3776,13.0140,13.2028,94563284
20151224,13.1818,13.3846,13.0559,13.3147,81755322
20151225,13.3007,13.6224,13.2378,13.5105,79261892
20151228,13.5455,13.5874,13.0210,13.0769,71472398
20151229,13.0280,13.2308,12.8601,13.1049,67622504
20151230,13.0839,13.1329,12.8042,12.9860,51032960
20151231,12.9510,12.9510,12.7692,12.7762,39948677
20160104,12.7832,12.7832,12.2727,12.4476,60404072
20160105,12.2448,12.6294,12.1678,12.5594,83018353
20160106,12.5175,12.6853,12.3706,12.6573,66884893
20160107,12.4476,12.5175,12.1678,12.2448,16231184
20160108,12.4056,12.5035,11.8252,12.2308,102843163
20160111,12.0350,12.2028,11.8601,11.9231,128953303
20160112,12.0070,12.2517,11.9441,12.2028,79185469
20160113,12.2867,12.5175,12.1329,12.1608,68453116
20160114,11.8881,12.5804,11.8112,12.5315,78419531
20160115,12.4476,12.6923,12.2517,12.2937,66814088
20160118,12.1888,12.5804,12.1119,12.3636,46802478
20160119,12.4336,12.5035,12.2378,12.4266,42624237
20160120,12.3147,12.3776,11.9441,12.0629,51435149
20160121,12.0420,12.2098,11.5385,11.5944,48901874
20160122,11.7762,11.9650,11.5315,11.9021,60070464
20160125,11.8881,12.0070,11.6923,11.9091,33689328
20160126,11.8601,11.9860,11.4685,11.6503,54740065
20160127,11.7133,11.8741,11.5455,11.6643,63336569
20160128,11.7203,11.7622,11.1049,11.5944,55630117
20160129,11.5524,11.9231,11.4755,11.8182,67823470
20160201,11.8811,11.8881,11.4755,11.5385,41669622
20160202,11.5385,11.8462,11.5105,11.7203,36294802
20160203,11.6084,11.6503,11.5035,11.6154,39724231
20160204,11.7762,12.1119,11.6294,12.0979,67442889
20160205,12.0559,12.8601,11.9930,12.8531,112131239
20160215,12.5734,12.9231,12.4476,12.9021,96233733
20160216,12.9021,12.9021,12.9021,12.9021,0
20160217,12.9021,12.9021,12.9021,12.9021,0
20160218,12.9021,12.9021,12.9021,12.9021,0
20160219,12.9021,12.9021,12.9021,12.9021,0
20160222,12.9021,12.9021,12.9021,12.9021,0
20160223,12.9021,12.9021,12.9021,12.9021,0
20160224,12.9021,12.9021,12.9021,12.9021,0
20160225,12.9021,12.9021,12.9021,12.9021,0
20160226,12.9021,12.9021,12.9021,12.9021,0
20160229,12.9021,12.9021,12.9021,12.9021,0
20160301,12.9021,12.9021,12.9021,12.9021,0
20160302,12.9021,12.9021,12.9021,12.9021,0
20160303,12.9021,12.9021,12.9021,12.9021,0
20160304,12.9021,12.9021,12.9021,12.9021,0
20160307,12.9021,12.9021,12.9021,12.9021,0
20160308,12.9021,12.9021,12.9021,12.9021,0
20160309,12.9021,12.9021,12.9021,12.9021,0
20160310,12.9021,12.9021,12.9021,12.9021,0
20160311,12.2448,12.2587,11.6154,11.8671,140483660
20160314,11.8042,12.2168,11.7622,11.7902,81398801
20160315,11.8531,12.0210,11.7552,11.9021,53683532
20160316,11.8322,12.6364,11.8252,12.6084,155018260
20160317,12.4545,12.7203,12.2028,12.3776,98149211
20160318,12.4406,12.5874,12.3427,12.4755,80062794
20160321,12.4336,12.7622,12.4336,12.6294,60062190
20160322,12.6503,13.0280,12.6014,12.6923,62577959
20160323,12.6993,12.8322,12.6294,12.6783,39798036
20160324,12.6643,12.6643,12.3636,12.3916,39251028
20160325,12.3916,12.4965,12.3636,12.4056,19475434
20160328,12.4336,12.5874,12.1469,12.2028,35066025
20160329,12.2587,12.3497,12.1469,12.2028,27386147
20160330,12.3427,12.5524,12.3427,12.4965,50853871
20160331,12.5734,12.6434,12.3916,12.5385,33979820
20160401,12.5734,12.7622,12.3147,12.7133,51180473
20160405,12.5455,12.7902,12.4196,12.7063,60949884
20160406,12.6084,12.6853,12.4965,12.5594,33503075
20160407,12.5524,12.5874,12.3287,12.3706,41538229
20160408,12.2797,12.4196,12.2587,12.3077,24499108
20160411,12.3077,12.4615,12.2727,12.3566,34488218
20160412,12.3706,12.3776,12.2587,12.3217,20164085
20160413,12.3986,12.5804,12.3706,12.4056,50321293
20160414,12.5175,12.5944,12.4126,12.4476,22588577
20160415,12.5524,12.6294,12.4476,12.5105,49726142
20160418,12.4126,12.6084,12.3497,12.4545,40160310
20160419,12.5524,12.5734,12.4336,12.5175,38962310
20160420,12.5105,12.5804,12.1049,12.5594,66658893
20160421,12.4615,12.8322,12.4126,12.6713,68944468
20160422,12.5874,12.8392,12.5455,12.7552,40294771
20160425,12.6923,12.6993,12.4615,12.5035,34740934
20160426,12.4965,12.6434,12.4126,12.5315,22507342
20160427,12.5664,12.5664,12.4476,12.4895,19789591
20160428,12.5385,12.6573,12.4685,12.5175,22491636
20160429,12.4685,12.5455,12.4126,12.4685,32984284
20160503,12.5524,12.7552,12.4685,12.6713,39720713
20160504,12.6294,12.7483,12.6014,12.6434,33060111
20160505,12.6294,12.6713,12.5734,12.6294,21359383
20160506,12.6364,12.6573,12.3846,12.3986,33471671
20160509,12.3846,12.4476,12.1678,12.2448,31385055
20160510,12.1538,12.2797,12.1538,12.2238,24090706
20160511,12.2727,12.2867,12.1678,12.2028,17075864
20160512,12.1888,12.2378,12.0280,12.1748,20976604
20160513,12.1469,12.2098,12.0420,12.0559,15749775
20160516,12.0490,12.1329,12.0350,12.0909,15795242
20160517,12.0909,12.1259,12.0000,12.0629,13964168
20160518,12.0629,12.3217,11.9021,12.2797,44276307
20160519,12.1958,12.2308,12.1189,12.1329,14844581
20160520,12.1049,12.2378,12.0769,12.2028,15931088
20160523,12.2378,12.3636,12.1958,12.2727,20135342
20160524,12.2238,12.3077,12.1888,12.2727,15338091
20160525,12.3636,12.3986,12.3077,12.3566,19685720
20160526,12.3427,12.4895,12.3427,12.3776,15823038
20160527,12.3706,12.4266,12.3287,12.4056,16618376
20160530,12.4755,12.5664,12.3636,12.5524,25079603
20160531,12.5385,12.8671,12.5315,12.7902,50953082
20160601,12.7972,12.8322,12.6783,12.7203,26186766
20160602,12.7273,12.7972,12.5385,12.6014,25434730
20160603,12.6713,12.6783,12.5175,12.5944,25745022
20160606,12.6224,12.6643,12.5664,12.6014,25534433
20160607,12.6573,12.6783,12.5664,12.6014,23643595
20160608,12.5944,12.6364,12.5664,12.5804,33974369
20160613,12.4895,12.5455,12.4266,12.4336,42973763
20160614,12.4266,12.4685,12.3776,12.4406,26845900
20160615,12.3147,12.4196,12.2727,12.4056,37655013
20160616,12.3566,12.5385,12.3077,12.4476,44145711
20160617,12.4126,12.5804,12.4056,12.4266,24899493
20160620,12.5385,12.5385,12.4126,12.4825,13844537
20160621,12.5035,12.5524,12.4126,12.4336,22669608
20160622,12.4476,12.5175,12.4336,12.5105,20345326
20160623,12.2308,12.2308,12.0846,12.0923,16746983
20160624,12.0769,12.1462,11.6000,11.7538,39748178
20160627,11.7615,11.8385,11.6769,11.7769,24912548
20160628,11.7462,11.7692,11.6769,11.7538,16327773
20160629,11.7615,11.9538,11.7538,11.9231,27629356
20160630,11.9231,12.0462,11.8769,11.9769,26956651
20160701,11.9769,12.2769,11.9538,12.2462,32638422
20160704,12.2000,12.3308,12.1538,12.2538,27835145
20160705,12.2615,12.2692,12.1154,12.1462,21023099
20160706,12.0846,12.1231,12.0077,12.0308,29869463
20160707,12.0231,12.0308,11.8846,11.9769,31847454
20160708,11.9615,11.9692,11.8769,11.8846,19371730
20160711,11.9692,11.9769,11.8462,11.8692,29708238
20160712,11.9077,12.0385,11.8846,12.0308,33208669
20160713,12.0385,12.2846,12.0308,12.1462,47109472
20160714,12.1308,12.1846,12.0308,12.0769,21948447
20160715,12.0846,12.1154,12.0385,12.0846,20797530
20160718,12.1000,12.2385,12.0462,12.1308,36097076
20160719,12.1308,12.1538,12.0385,12.1000,22333760
20160720,12.0769,12.1231,12.0231,12.1154,19326483
20160721,12.1077,12.2077,12.0769,12.1769,28626578
20160722,12.1615,12.1692,11.9846,12.0231,21725210
20160725,12.0231,12.1231,12.0231,12.0692,14874561
20160726,12.0692,12.1462,12.0385,12.1077,26601116
20160727,12.1000,12.2154,11.8846,12.2077,52906529
20160728,12.1308,12.1462,12.0385,12.0615,22686783
20160729,12.0385,12.0846,12.0077,12.0769,18652791
20160801,12.0615,12.1923,12.0385,12.1538,29782925
20160802,12.1462,12.1923,12.0615,12.1154,14141159
20160803,12.0308,12.0923,12.0154,12.0538,13759187
20160804,12.0692,12.0692,11.9154,11.9923,20293647
20160805,12.0000,12.1538,11.9923,12.1000,22943072
20160808,12.1231,12.1231,12.0462,12.1077,17068177
20160809,12.1154,12.1538,12.0846,12.1462,20125142
20160810,12.1538,12.1923,12.1000,12.1769,24049395
20160811,12.1154,12.6154,12.1077,12.3615,68496247
20160812,12.4000,12.6077,12.3077,12.5846,61089121
20160815,12.6923,13.0923,12.6538,13.0308,100534020
20160816,13.0308,13.0692,12.8231,12.8462,64199246
20160817,12.8615,12.9615,12.7077,12.8000,47380576
20160818,12.7308,12.9000,12.5769,12.6462,48243180
20160819,12.6385,12.6923,12.5846,12.6308,25905490
20160822,12.6308,12.6692,12.5462,12.6231,25699219
20160823,12.6231,12.7385,12.5538,12.6154,41280681
20160824,12.6231,12.7000,12.5692,12.6077,22211051
20160825,12.5846,12.6231,12.4615,12.5692,32174889
20160826,12.5846,12.6154,12.5308,12.5692,19094472
20160829,12.5462,12.5923,12.3692,12.4846,39262629
20160830,12.4923,12.6846,12.4923,12.6154,47316090
20160831,12.5769,12.7385,12.5538,12.6769,28604469
20160901,12.6769,12.7308,12.6000,12.6231,27653661
20160902,12.6000,12.6923,12.5769,12.6769,30091101
20160905,12.6846,12.7538,12.6308,12.6846,33380145
20160906,12.6846,12.7154,12.5923,12.6231,26367441
20160907,12.6231,12.6923,12.5769,12.6769,23368225
20160908,12.6692,12.7769,12.6385,12.7692,31728970
20160909,12.7846,12.8154,12.6923,12.7385,24361312
20160912,12.6000,12.6692,12.5077,12.6154,47461930
20160913,12.6154,12.6615,12.6077,12.6538,18504691
20160914,12.6385,12.6769,12.6000,12.6154,31175836
20160919,12.6538,12.7000,12.6308,12.6615,18805741
20160920,12.6692,12.6769,12.6308,12.6615,22615854
20160921,12.6692,12.7000,12.6385,12.6538,12240932
20160922,12.6846,12.7615,12.6692,12.7154,14986181
20160923,12.7308,12.7308,12.6769,12.6769,13260598
20160926,12.6538,12.7462,12.6231,12.6769,26999941
20160927,12.6308,12.7077,12.6308,12.6769,22133111
20160928,12.6769,12.7154,12.6615,12.6769,16694587
20160929,12.7077,12.7308,12.6846,12.6923,14296630
20160930,12.6923,12.7154,12.6769,12.6846,15847348
20161010,12.7154,12.7692,12.6769,12.7308,24266910
20161011,12.7462,12.7538,12.6923,12.7462,16497475
20161012,12.7231,12.7231,12.6769,12.7000,13837049
20161013,12.7000,12.7077,12.6308,12.6385,18855662
20161014,12.6385,12.6692,12.6000,12.6615,13858148
20161017,12.6231,12.6462,12.4769,12.5154,21352375
20161018,12.5231,12.6077,12.4923,12.5692,23727382
20161019,12.5769,12.6077,12.4923,12.5154,14486117
20161020,12.5154,12.5692,12.5000,12.5308,11681532
20161021,12.5308,12.5692,12.4769,12.5385,14150237
20161024,12.5385,12.7538,12.5154,12.6692,32184413
20161025,12.6769,12.6923,12.5846,12.6308,17302117
20161026,12.6154,12.6308,12.5385,12.5538,16167846
20161027,12.5385,12.5462,12.4462,12.4538,25372690
20161028,12.4538,12.5692,12.4462,12.5308,19587365
20161031,12.4846,12.5462,12.3154,12.5154,19075287
20161101,12.5077,12.5615,12.4692,12.5385,16936736
20161102,12.4692,12.5385,12.4462,12.4615,32566508
20161103,12.4538,12.6000,12.4538,12.5769,33623343
20161104,12.5385,12.7154,12.5308,12.6154,27971417
20161107,12.6077,12.6538,12.6000,12.6308,27757155
20161108,12.6538,12.7231,12.6462,12.6692,22499301
20161109,12.6692,12.7154,12.5846,12.6615,51774556
20161110,12.7308,12.8000,12.6769,12.7462,26629920
20161111,12.7385,12.7923,12.6538,12.7615,28000944
20161114,12.7154,12.8462,12.7077,12.7692,23561844
20161115,12.7615,12.7769,12.6923,12.7615,20428384
20161116,12.7615,12.7923,12.7231,12.7692,16114155
20161117,12.7538,12.7923,12.7077,12.7692,29534122
20161118,12.7615,12.8000,12.7308,12.7692,38056697
20161121,12.7615,12.8692,12.7231,12.8000,27862188
20161122,12.8231,12.8615,12.7923,12.8308,27405258
20161123,12.8308,13.2538,12.8154,13.0231,58547355
20161124,13.0231,13.1692,12.9692,12.9923,27356082
20161125,12.9923,13.1538,12.9308,13.1462,30335799
20161128,13.1923,13.4538,13.1923,13.2385,43985865
20161129,13.2385,13.3462,13.1615,13.2769,38389127
20161130,13.2923,13.4231,13.1538,13.2000,26175533
20161201,13.1923,13.2846,13.1154,13.1923,23983984
20161202,13.1538,13.2154,12.9231,13.1538,44064637
20161205,13.0385,13.3231,13.0077,13.3077,49661778
20161206,13.2923,13.4000,13.2308,13.2462,27232497
20161207,13.2077,13.2308,13.1231,13.1308,20215972
20161208,13.1923,13.2308,13.1077,13.1846,17204939
20161209,13.1846,13.4308,13.1692,13.3308,37486342
20161212,13.3385,13.5154,13.2231,13.4538,62867420
20161213,13.3538,13.4154,13.2000,13.2077,20283729
20161214,13.2077,13.4000,13.1692,13.2154,23218717
20161215,13.1769,13.1769,12.8462,12.8462,40052496
20161216,12.8462,12.9462,12.7923,12.8154,18890775
20161219,12.8077,12.8462,12.7000,12.7077,11028540
20161220,12.7077,12.7385,12.4000,12.5231,29283562
20161221,12.5077,12.5923,12.5000,12.5538,16430451
20161222,12.5538,12.5615,12.4154,12.4538,14948947
20161223,12.4385,12.4769,12.3615,12.4538,14544277
20161226,12.4077,12.5231,12.3154,12.5000,18827192
20161227,12.5000,12.5538,12.4077,12.4154,13865571
20161228,12.4154,12.4538,12.3308,12.3769,18773983
20161229,12.3769,12.4231,12.3000,12.3615,15406700
20161230,12.3615,12.4846,12.3385,12.4692,15940817
20170103,12.4692,12.6462,12.4385,12.5385,21108262
20170104,12.5308,12.5769,12.4462,12.5615,38556354
20170105,12.5385,12.6000,12.4923,12.5385,34368939
20170106,12.5385,12.5385,12.4077,12.4462,22354277
20170109,12.4923,12.5308,12.4077,12.4615,19381368
20170110,12.4462,12.4923,12.4154,12.4538,10395782
20170111,12.4923,12.4923,12.4231,12.4308,11951331
20170112,12.4462,12.4615,12.3923,12.4000,10784995
20170113,12.3846,12.5308,12.3846,12.5154,24744385
20170116,12.4846,12.7692,12.3846,12.7385,69296141
20170117,12.6615,12.7231,12.5923,12.6231,16321879
20170118,12.6308,12.7308,12.5846,12.6769,14922261
20170119,12.6385,12.8000,12.6385,12.7231,15834893
20170120,12.7538,12.8154,12.6923,12.7692,18574748
20170123,12.8154,12.8385,12.7000,12.7462,19001502
20170124,12.7538,12.8462,12.7538,12.8385,19480813
20170125,12.8385,12.8769,12.7769,12.8385,14670329
20170126,12.8385,12.9538,12.7769,12.8769,11183779
20170203,12.9385,12.9615,12.7846,12.7923,10626575
20170206,12.8846,12.9077,12.8154,12.8154,17492605
20170207,12.8077,12.8769,12.7923,12.8231,19187069
20170208,12.7923,12.8385,12.7231,12.8231,14610527
20170209,12.8308,12.9000,12.7615,12.8615,14810944
20170210,12.8923,12.9538,12.8462,12.9077,18180840
20170213,12.9846,13.0000,12.9077,12.9615,25990733
20170214,12.9769,12.9846,12.8769,12.8846,16883405
20170215,12.9385,13.0231,12.8846,12.9538,33394441
20170216,12.9846,13.0077,12.8923,12.9077,21226181
20170217,12.9077,12.9385,12.7615,12.8000,18022734
20170220,12.7846,13.0615,12.7846,13.0077,38934979
20170221,12.9846,13.1385,12.9308,12.9846,22761853
20170222,12.9846,13.0000,12.8692,12.8846,22141960
20170223,12.9077,12.9462,12.8000,12.8385,19514492
20170224,12.8231,12.8846,12.8154,12.8538,15073462
20170227,12.8385,12.8615,12.7154,12.7615,17851954
20170228,12.7538,12.8231,12.7154,12.7615,15727325
20170301,12.7538,12.7846,12.7077,12.7385,21095079
20170302,12.7846,12.7846,12.6077,12.6231,24695621
20170303,12.6308,12.6385,12.5538,12.5769,16158307
20170306,12.5923,12.7154,12.5769,12.6231,20414876
20170307,12.6000,12.6538,12.5923,12.6385,12115794
20170308,12.6154,12.6462,12.5769,12.6077,13142541
20170309,12.5923,12.6154,12.4769,12.4769,22575832
20170310,12.4846,12.5231,12.4385,12.4846,21315287
20170313,12.4846,12.5692,12.4308,12.5692,23335191
20170314,12.5692,12.5769,12.4923,12.5077,22085672
20170315,12.4923,12.5231,12.4385,12.4923,24570421
20170316,12.5154,12.5769,12.5000,12.5308,24747508
20170317,12.5385,12.5538,12.4154,12.4615,28028460
20170320,12.4923,12.5000,12.4077,12.4154,19523147
20170321,12.4231,12.4308,12.2923,12.3077,40462002
20170322,12.2923,12.2923,12.0769,12.1385,56954857
20170323,12.1538,12.2462,12.1462,12.2154,28893358
20170324,12.1923,12.3077,12.1769,12.2769,25872607
20170327,12.2846,12.4077,12.2308,12.3385,24696579
20170328,12.3923,12.4077,12.2846,12.3154,17176859
20170329,12.3154,12.3923,12.1538,12.2077,30480829
20170330,12.2154,12.2308,12.0923,12.1615,30738687
20170331,12.1385,12.3462,12.1308,12.3154,31443256
20170405,12.3462,12.4615,12.2231,12.4308,40347152
20170406,12.3769,12.4462,12.3308,12.3846,29036074
20170407,12.3538,12.4308,12.3231,12.3846,26165032
20170410,12.4000,12.4000,12.2615,12.2846,21000231
20170411,12.2846,12.3000,12.1615,12.2231,24194787
20170412,12.2154,12.2769,12.1154,12.2231,28873703
20170413,12.2154,12.2231,12.1000,12.1154,30454645
20170414,12.1231,12.1385,11.8615,11.9308,52203518
20170417,11.9462,12.0000,11.7692,11.9692,47761282
20170418,11.9231,11.9385,11.7692,11.7692,29756974
20170419,11.7308,11.7462,11.6231,11.6231,31792029
20170420,11.6308,11.6462,11.4615,11.4692,53379827
20170421,11.4769,11.5923,11.4231,11.5769,29494865
20170424,11.5769,11.6231,11.4692,11.5385,22916143
20170425,11.5538,11.6154,11.5308,11.5769,16868694
20170426,11.5846,11.6231,11.5385,11.5769,19421832
20170427,11.5769,11.7308,11.5615,11.7000,29753938
20170428,11.6538,11.7077,11.6000,11.7000,20434061
20170502,11.7000,11.7077,11.6385,11.6615,16389761
20170503,11.6615,11.6615,11.5769,11.6000,18522325
20170504,11.5923,11.5923,11.4615,11.5231,25321124
20170505,11.5000,11.5231,11.1692,11.4769,52252950
20170508,11.3692,11.4615,11.1615,11.4308,56639148
20170509,11.3000,11.4154,11.2769,11.3538,24993139
20170510,11.3538,11.4231,11.1923,11.2385,36867236
20170511,11.2077,11.3769,11.1923,11.3462,35506780
20170512,11.3462,11.7154,11.3308,11.7000,59453453
20170515,11.7462,11.8692,11.6615,11.7462,38955566
20170516,11.7154,11.7615,11.6000,11.7462,32338014
20170517,11.7231,11.7385,11.5923,11.7000,43464734
20170518,11.6154,11.6462,11.5000,11.5462,39855305
20170519,11.5692,11.6000,11.4692,11.5538,37193813
20170522,11.5538,11.5846,11.4846,11.5692,39295418
20170523,11.5385,11.9769,11.5231,11.8692,98020556
20170524,11.8308,11.9385,11.7000,11.9000,91570736
20170525,11.7500,12.9300,11.7200,12.9300,222373433
20170526,12.8100,12.9100,12.5400,12.8400,176456630
20170531,12.7500,13.0500,12.6600,12.8400,113009809
20170601,12.7800,12.9700,12.6900,12.9200,96217055
20170602,12.9300,13.0100,12.7400,12.8900,80197701
20170605,12.7900,12.8800,12.5100,12.8500,75876475
20170606,12.8000,12.8400,12.6600,12.8000,36104406
20170607,12.8100,12.9900,12.7800,12.8400,64395191
20170608,12.7600,12.8600,12.6700,12.8400,48194843
20170609,12.7900,13.2000,12.7700,12.9300,114434319
20170612,12.9000,13.1400,12.7600,12.7800,73931192
20170613,12.7800,12.7800,12.5600,12.5900,52716070
20170614,12.6000,12.6400,12.3100,12.4600,55306982
20170615,12.4100,12.4600,12.2800,12.3800,37492860
20170616,12.3800,12.4600,12.2700,12.3500,47351062
20170619,12.3500,12.3500,12.3500,12.3500,0
20170620,12.4100,12.4400,12.2200,12.2900,44645196
20170621,12.4000,12.4000,12.2600,12.3400,34000062
20170622,12.3300,12.8400,12.2900,12.5700,110259441
20170623,12.5500,12.6500,12.3600,12.6400,68579079
20170626,12.6400,12.8200,12.5500,12.6400,60509162
20170627,12.6400,12.7300,12.5300,12.7000,46687475
20170628,12.6600,12.9100,12.6000,12.7900,75349557
20170629,12.8100,12.8600,12.7000,12.7600,38994542
20170630,12.7000,12.7300,12.5900,12.6500,36566479
20170703,12.6400,12.6500,12.4700,12.5600,38778949
20170704,12.5500,12.5800,12.4100,12.5500,36659128
20170705,12.5000,12.6500,12.4700,12.6200,26470507
20170706,12.6200,12.7200,12.5100,12.6600,37414241
20170707,12.6200,12.6900,12.5500,12.6000,24667294
20170710,12.5900,12.6400,12.5200,12.5300,26411530
20170711,12.5100,12.9400,12.5100,12.8000,96835349
20170712,12.8000,13.0600,12.7400,12.8600,80469025
20170713,12.8200,13.2900,12.7700,13.2700,110219238
20170714,13.3400,13.8000,13.3400,13.5900,146865370
20170717,13.6200,14.0200,13.2800,13.7600,178661221
20170718,13.6500,13.7200,13.4000,13.5500,69895876
20170719,13.5600,13.7800,13.4800,13.6900,66108709
20170720,13.6700,13.7000,13.5300,13.6200,40017492
20170721,13.6100,13.6300,13.3800,13.4500,52272375
20170724,13.4500,13.7400,13.3600,13.6700,65820954
20170725,13.6200,13.7500,13.4100,13.5100,58478099
20170726,13.4500,13.7000,13.3600,13.3800,57495388
20170727,13.3800,13.4700,13.2800,13.3800,33612097
20170728,13.3700,13.4900,13.3000,13.4700,24954961
20170731,13.4500,13.5200,13.3100,13.3600,45083081
20170801,13.4200,13.4900,13.3200,13.4300,64198064
20170802,13.4400,13.6000,13.3900,13.4400,61644148
20170803,13.4200,13.4200,13.0400,13.0800,78581867
20170804,13.0900,13.1000,12.8500,12.8700,63181971
20170807,12.8700,12.9500,12.8300,12.9300,29528429
20170808,12.9100,12.9300,12.8300,12.8700,23570298
20170809,12.8400,12.8800,12.7500,12.7600,32303821
20170810,12.7400,12.8800,12.7000,12.7900,44056044
20170811,12.7200,12.7300,12.4600,12.6800,88890056
20170814,12.6200,12.6300,12.5200,12.5600,45562027
20170815,12.5800,12.7600,12.5600,12.5900,62591905
20170816,12.5600,12.5600,12.4700,12.4900,33886531
20170817,12.4900,12.5500,12.4700,12.5300,39091156
20170818,12.5000,12.5700,12.4600,12.5100,35976632
20170821,12.5000,12.5700,12.4600,12.5100,33810237
20170822,12.5100,12.5300,12.4100,12.4300,58829999
20170823,12.4400,12.6600,12.4100,12.5700,96871587
20170824,12.5800,12.6600,12.4500,12.4700,62153175
20170825,12.4700,12.8000,12.4700,12.7800,145590666
20170828,12.8300,12.9600,12.7500,12.8900,104113170
20170829,12.8500,12.9800,12.7700,12.9600,60063956
20170830,12.9100,12.9800,12.8200,12.8700,60479990
20170831,12.8300,12.8400,12.6500,12.7100,44790313
20170901,12.6800,12.8700,12.6800,12.7700,39264131
20170904,12.7800,12.8400,12.6500,12.7800,35667447
20170905,12.7800,13.0900,12.7800,13.0300,73493027
20170906,12.9900,13.0500,12.9000,12.9600,33823576
20170907,12.9400,13.0200,12.8200,12.8500,38224782
20170908,12.8500,13.1200,12.8300,13.0300,64778087
20170911,13.1500,13.1500,12.9500,12.9900,52234735
20170912,13.0000,13.0400,12.9100,13.0400,51012322
20170913,13.0100,13.0100,12.8600,12.8700,31972897
20170914,12.8800,12.9800,12.8100,12.8500,24160832
20170915,12.8200,12.8600,12.7500,12.8300,24874312
20170918,12.8200,12.9600,12.8000,12.9100,35747529
20170919,12.9300,12.9500,12.8200,12.9000,30170124
20170920,12.8800,12.9300,12.8300,12.8800,19867148
20170921,12.8600,12.9500,12.8300,12.8700,20140268
20170922,12.8400,12.9200,12.7900,12.8900,24192687
20170925,12.8900,12.9500,12.7100,12.9400,50687628
20170926,12.8900,12.9300,12.8500,12.8600,22163311
20170927,12.8300,12.9100,12.7600,12.8500,26374752
20170928,12.8500,12.8800,12.7700,12.8400,24124934
20170929,12.8200,12.9100,12.8100,12.8700,19822263
20171009,13.2700,13.2900,13.0000,13.0400,52149081
20171010,13.0500,13.1000,12.9800,13.1000,27493986
20171011,13.0800,13.1100,13.0300,13.0600,18706308
20171012,13.0500,13.0900,12.9700,13.0500,17125284
20171013,13.0100,13.0800,12.9200,12.9400,20857578
20171016,12.9800,13.0600,12.9400,13.0400,23611164
20171017,13.0400,13.0600,12.9400,12.9900,14692320
20171018,12.9900,13.1000,12.9300,13.0700,45458736
20171019,13.0300,13.1600,12.9800,13.1300,52881168
20171020,13.0900,13.1000,13.0100,13.0100,17228409
20171023,12.9400,12.9500,12.8300,12.8400,31563834
20171024,12.8400,12.9500,12.8200,12.8600,27236042
20171025,12.8600,12.9400,12.8200,12.9000,20743829
20171026,12.8700,12.8800,12.7800,12.8200,25275166
20171027,12.8500,12.9400,12.8200,12.8500,32673820
20171030,12.8400,12.8400,12.5900,12.7000,74713617
20171031,12.6000,12.6600,12.5800,12.6100,20120724
20171101,12.6300,12.7200,12.5300,12.5400,35368712
20171102,12.5200,12.5700,12.4300,12.5300,48267038
20171103,12.5300,12.6000,12.4300,12.5800,32848169
20171106,12.5600,12.5600,12.4500,12.4700,20016827
20171107,12.4900,12.6000,12.4100,12.5400,38677337
20171108,12.5400,12.6800,12.4900,12.5800,37134146
20171109,12.5700,12.6300,12.5300,12.5500,17463373
20171110,12.5400,12.6300,12.4600,12.6300,49925359
20171113,12.6500,12.8500,12.6300,12.8000,78009337
20171114,12.7600,12.7700,12.5800,12.6000,33754928
20171115,12.6000,12.6300,12.5500,12.6000,28076530
20171116,12.5700,12.5700,12.3800,12.3900,35680762
20171117,12.3800,12.8000,12.3800,12.7800,109336535
20171120,12.7000,12.8600,12.6100,12.8500,61495420
20171121,12.8100,13.1700,12.7500,12.9400,116179412
20171122,13.0000,13.4400,13.0000,13.2300,114576266
20171123,13.2400,13.3200,12.9100,13.0600,81912602
20171124,13.1100,13.1800,12.9300,13.0900,59612483
20171127,13.0900,13.1200,12.8100,13.1000,79250273
20171128,13.0300,13.0700,12.9200,12.9400,34031908
20171129,12.9500,13.0400,12.8100,12.9400,41846783
20171130,12.9100,12.9500,12.8000,12.9100,39916356
20171201,12.9300,12.9500,12.8100,12.9100,38577445
20171204,12.8700,12.9400,12.8400,12.9200,36479233
20171205,12.9200,13.2700,12.9100,13.1700,123796797
20171206,13.1200,13.1600,12.9100,12.9600,43564931
20171207,12.9500,13.0300,12.9300,12.9600,34612960
20171208,12.9800,12.9900,12.8700,12.9300,31296221
20171211,12.9200,13.0400,12.8500,12.9700,36649902
20171212,12.9700,12.9700,12.7400,12.7500,30370097
20171213,12.8000,12.8100,12.6300,12.7400,19345338
20171214,12.7900,12.7900,12.6600,12.6900,16141678
20171215,12.6900,12.7300,12.6100,12.6200,16210108
20171218,12.7100,12.7100,12.6100,12.6500,13445648
20171219,12.6500,12.7600,12.6200,12.7500,18399603
20171220,12.7600,12.7600,12.6000,12.7300,26639844
20171221,12.6700,12.7800,12.6000,12.7000,21052388
20171222,12.6800,12.7200,12.6100,12.6200,16076938
20171225,12.6100,12.6800,12.5600,12.5900,19306662
20171226,12.5700,12.6600,12.5600,12.6400,15225722
20171227,12.6500,12.6600,12.5300,12.6200,32731881
20171228,12.6000,12.6600,12.5300,12.5400,23870824
20171229,12.5200,12.6200,12.5100,12.5900,16351826
20180102,12.6100,12.7700,12.6000,12.7200,31323053
20180103,12.7300,12.8000,12.6600,12.6600,37839101
20180104,12.7000,12.7300,12.6200,12.6600,27883804
20180105,12.6700,12.7100,12.6200,12.6900,31026744
20180108,12.6900,12.7100,12.6300,12.6800,31389887
20180109,12.6800,12.7400,12.6600,12.7000,26215432
20180110,12.7000,13.0900,12.6800,13.0200,90679990
20180111,12.9500,13.0400,12.8700,12.9400,37816412
20180112,12.9700,13.0000,12.9000,12.9100,24203419
20180115,12.8800,13.0800,12.8500,13.0200,61320680
20180116,12.9700,13.0600,12.7800,12.9000,74892652
20180117,12.9100,13.4200,12.8900,13.1000,127132813
20180118,13.1400,13.2500,13.0500,13.2400,111608076
20180119,13.3300,13.6100,13.1800,13.2400,171648871
20180122,12.9300,13.1500,12.7100,12.7700,272513801
20180123,12.7500,12.9200,12.6800,12.9000,217827457
20180124,12.9700,14.0000,12.8900,13.5700,379653629
20180125,13.5400,13.7600,13.3600,13.6500,176989631
20180126,13.6500,13.7200,13.3600,13.4100,218419685
20180129,13.4800,13.5300,13.3200,13.4600,153783104
20180130,13.4500,13.4900,13.0900,13.1100,107804018
20180131,13.0500,13.1900,12.9800,13.1700,117703264
20180201,13.1400,13.3300,12.9400,13.3000,173573331
20180202,13.1900,13.1900,13.0100,13.1400,71796780
20180205,13.0000,13.5400,12.9800,13.4900,150149657
20180206,13.2900,13.5000,13.2000,13.4800,244358992
20180207,13.5800,13.9000,13.2400,13.4500,200770115
20180208,13.3400,13.4000,12.9500,13.1000,109426872
20180209,12.8900,12.9800,12.2400,12.7800,149257356
20180212,12.6600,12.6800,12.4300,12.4900,64799197
20180213,12.5500,12.6800,12.5000,12.5100,54900214
20180214,12.5000,12.5500,12.3800,12.4600,32597811
20180222,12.6000,12.6800,12.5300,12.6300,42012285
20180223,12.6600,12.7800,12.5900,12.7200,38736515
20180226,12.7700,12.8400,12.6100,12.7300,48806055
20180227,12.7500,12.7600,12.6100,12.6900,48561087
20180228,12.6100,12.6600,12.4400,12.4600,39888938
20180301,12.4000,12.5000,12.3800,12.4700,34491031
20180302,12.4000,12.4600,12.3600,12.4100,23024132
20180305,12.4100,12.4800,12.3400,12.4200,29343464
20180306,12.4800,12.5100,12.3800,12.4900,27222668
20180307,12.5100,12.6000,12.4600,12.4900,38817575
20180308,12.5500,12.5500,12.4000,12.4700,22164132
20180309,12.4900,12.5100,12.4200,12.4800,23558287
20180312,12.5300,12.5400,12.4600,12.5000,25161821
20180313,12.5000,12.5800,12.4300,12.4900,25145000
20180314,12.4500,12.4500,12.3800,12.3900,22804603
20180315,12.3500,12.4100,12.3400,12.3900,17287774
20180316,12.3600,12.4000,12.3000,12.3000,26781399
20180319,12.3100,12.3300,12.2600,12.3100,16896048
20180320,12.2800,12.3900,12.2500,12.3200,20672283
20180321,12.3400,12.4000,12.2800,12.2900,23878465
20180322,12.3500,12.3500,12.2500,12.2500,22948484
20180323,12.0000,12.0500,11.6400,11.7100,57106391
20180326,11.7100,11.7500,11.5000,11.6100,36425054
20180327,11.7000,11.7700,11.5600,11.6200,27332809
20180328,11.5300,11.7500,11.5200,11.5700,22911282
20180329,11.5700,11.7100,11.4500,11.6200,33108805
20180330,11.6300,11.6900,11.6100,11.6500,23271965
20180402,11.6800,11.8200,11.6500,11.7100,27719599
20180403,11.6600,11.6600,11.5400,11.5600,18303514
20180404,11.6100,11.6500,11.5300,11.5300,19637509
20180409,11.5300,11.5900,11.4900,11.5000,16722481
20180410,11.5200,11.7900,11.5100,11.7700,28748298
20180411,11.7900,12.0200,11.7500,11.9100,31298519
20180412,11.9100,11.9600,11.7600,11.7800,18824289
20180413,11.8300,11.8900,11.6900,11.6900,14094853
20180416,11.8000,11.8000,11.5400,11.5500,23720095
20180417,11.5600,11.7000,11.5500,11.5500,25469983
20180418,11.7500,11.7900,11.6600,11.7300,26295275
20180419,11.8000,11.8900,11.7600,11.8000,16553270
20180420,11.7400,11.7900,11.5700,11.6100,18377407
20180423,11.5600,11.7500,11.5300,11.6000,18181610
20180424,11.5600,11.7800,11.5600,11.7800,23032861
20180425,11.7100,11.7700,11.6500,11.6600,16082634
20180426,11.7300,11.7800,11.5500,11.5700,18205794
20180427,11.5800,11.6700,11.5600,11.6100,23450783
20180502,11.3300,11.3300,10.9700,11.0300,69325684
20180503,10.9900,11.0100,10.8300,10.9200,34665572
20180504,10.9100,10.9400,10.8000,10.8300,22253089
20180507,10.8200,10.8900,10.7600,10.8400,27425378
20180508,10.8400,10.9700,10.8100,10.9500,28796453
20180509,10.9500,11.0000,10.8900,10.9300,18510621
20180510,10.9800,11.0000,10.9100,10.9500,16030500
20180511,11.0000,11.0100,10.9400,10.9500,22015135
20180514,10.9700,11.0500,10.9600,11.0000,23763310
20180515,11.0300,11.0400,10.8800,10.9900,23548459
20180516,10.9300,10.9600,10.8600,10.8700,23580345
20180517,10.8600,10.9100,10.8100,10.8300,18474690
20180518,10.8500,10.9000,10.8100,10.9000,21717105
20180521,10.9800,10.9800,10.9000,10.9400,23393724
20180522,10.9400,10.9500,10.8500,10.8800,16014501
20180523,10.8800,10.8900,10.7900,10.8000,21194469
20180524,10.8300,10.8400,10.7600,10.7900,15229580
20180525,10.8300,10.8300,10.6800,10.7100,19016226
20180528,10.7100,10.7900,10.6100,10.7600,18370343
20180529,10.7000,10.7400,10.6100,10.6400,16933980
20180530,10.5600,10.6000,10.3900,10.4400,32230788
20180531,10.4600,10.6900,10.4600,10.5500,45532670
20180601,10.6000,10.6900,10.5300,10.6800,18365527
20180604,10.7600,10.8300,10.7000,10.7500,16180325
20180605,10.7100,10.7500,10.6100,10.6600,18692609
20180606,10.6400,10.6400,10.5300,10.5500,14983603
20180607,10.5600,10.6600,10.5100,10.6200,23355633
20180608,10.5500,10.5700,10.3700,10.4200,27181997
20180611,10.3800,10.4300,10.2800,10.4200,18004293
20180612,10.4100,10.4100,10.3000,10.3500,16085667
20180613,10.3000,10.3300,10.1800,10.2100,19961576
20180614,10.1600,10.2600,10.1600,10.2200,17557528
20180615,10.2200,10.3400,10.1900,10.3000,19914990
20180619,10.2300,10.2400,9.8100,9.9200,42988471
20180620,9.9200,9.9800,9.8700,9.8900,18915740
20180621,9.8800,9.9800,9.7500,9.8300,23636961
20180622,9.8300,9.8300,9.6700,9.7600,25040001
20180625,9.7700,9.8200,9.5500,9.5600,24244380
20180626,9.6000,9.6000,9.3500,9.4800,24424095
20180627,9.4100,9.5300,9.3600,9.3700,24913770
20180628,9.3300,9.6100,9.3200,9.5000,30741337
20180629,9.5600,9.6000,9.4500,9.5600,19493546
20180702,9.5500,9.5500,9.2300,9.2900,22669089
20180703,9.2900,9.3800,9.2000,9.3500,24123551
20180704,9.3400,9.4200,9.2800,9.3100,14464777
20180705,9.2600,9.3500,9.2200,9.2600,16495438
20180706,9.3100,9.4300,9.1700,9.3700,22594443
20180709,9.3700,9.6300,9.3700,9.6000,22172565
20180710,9.6100,9.6500,9.5000,9.5700,12402837
20180711,9.3700,9.4400,9.3200,9.3800,15203933
20180712,9.4100,9.6100,9.3900,9.5700,19704837
20180713,9.5700,9.5800,9.4600,9.4900,15026339
20180716,9.5000,9.5400,9.3400,9.4100,14414119
20180717,9.4100,9.4800,9.3800,9.4400,13713495
20180718,9.5100,9.6400,9.4800,9.5100,18922700
20180719,9.6000,9.6200,9.5300,9.5600,18360482
20180720,9.5600,9.9500,9.4700,9.8700,33275650
20180723,9.9100,10.0300,9.7400,9.9600,31484434
20180724,9.9800,10.1400,9.9700,10.0200,36424560
20180725,10.1200,10.1200,9.9600,10.0200,15889970
20180726,10.0700,10.0800,9.9500,9.9600,15206330
20180727,9.9600,10.0400,9.9300,9.9900,12120067
20180730,9.9900,10.1600,9.9700,10.1300,20096364
20180731,10.1200,10.2000,10.0000,10.1700,18203008
20180801,10.2600,10.2700,9.9000,9.9100,20741884
20180802,9.9100,10.0300,9.6600,9.7900,24483871
20180803,9.7900,9.9800,9.7600,9.8300,16997939
20180806,9.9700,10.0300,9.8700,9.9100,17444492
20180807,9.9400,10.1200,9.9400,10.1100,21784661
20180808,10.1500,10.1500,10.0100,10.0500,13461992
20180809,10.0000,10.1800,9.9900,10.1400,17689853
20180810,10.1400,10.1400,10.0200,10.0700,13172633
20180813,10.0000,10.0600,9.9000,9.9800,17927668
20180814,9.9800,10.0700,9.9500,10.0600,15868585
20180815,10.0600,10.0600,9.9000,9.9000,14787033
20180816,9.8700,10.1200,9.8400,10.0600,24323652
20180817,10.1600,10.1600,9.9300,9.9800,15090455
20180820,10.1700,10.1700,10.0100,10.1500,26975300
20180821,10.1800,10.2000,10.0900,10.1200,19786535
20180822,10.1200,10.1400,10.0000,10.0900,11993541
20180823,10.1300,10.1400,9.9800,10.0700,15537812
20180824,10.0600,10.4300,10.0200,10.3000,32268837
20180827,10.3300,10.3500,10.2100,10.3300,23266645
20180828,10.3000,10.3800,10.2500,10.3000,14609685
20180829,10.2900,10.3200,10.2600,10.3200,10362000
20180830,10.3000,10.4100,10.1700,10.1700,18621890
20180831,10.1600,10.3600,10.1600,10.3300,37311724
20180903,10.2700,10.3000,10.1700,10.2400,14309539
20180904,10.2100,10.4000,10.1800,10.3700,16353060
20180905,10.3100,10.3700,10.1200,10.1200,22729232
20180906,10.1200,10.2300,10.1200,10.1400,10546916
20180907,10.1500,10.2500,10.1200,10.1900,8995716
20180910,10.1600,10.2300,10.1300,10.1800,11822813
20180911,10.2200,10.2700,9.9800,10.0200,19689042
20180912,9.9900,10.0700,9.9500,10.0400,16506103
20180913,10.1700,10.3000,10.1100,10.2900,29417198
20180914,10.3600,10.3600,10.2100,10.2600,16450780
20180917,10.2600,10.2800,10.1000,10.1500,10535343
20180918,10.1600,10.2600,10.0900,10.2600,16684789
20180919,10.2800,10.2900,10.2000,10.2400,18550643
20180920,10.2600,10.2800,10.1800,10.2200,16307051
20180921,10.2400,10.4900,10.1500,10.4900,37571431
20180925,10.3800,10.4700,10.3200,10.3500,15879199
20180926,10.3900,10.5600,10.3400,10.4100,31175799
20180927,10.4500,10.4800,10.3800,10.4800,24182714
20180928,10.4900,10.7500,10.4400,10.6200,37430602
20181008,10.3900,10.4800,10.1500,10.1600,41957276
20181009,10.0800,10.2400,10.0700,10.1500,23159026
20181010,10.1400,10.2800,10.1300,10.1700,18124701
20181011,10.0000,10.0500,9.7100,9.8000,39056785
20181012,9.9000,10.1000,9.8300,10.0300,25145127
20181015,10.0500,10.1600,9.9700,10.0300,13957844
20181016,10.0300,10.1900,9.9700,10.0500,15308344
20181017,10.1800,10.3100,10.1400,10.2900,26520895
20181018,10.3500,10.3500,10.1600,10.1900,22403988
20181019,10.2500,10.4300,10.0700,10.3800,40331386
20181022,10.3200,10.7000,10.3200,10.6200,47003409
20181023,10.6400,10.7000,10.4500,10.4500,38089035
20181024,10.5700,11.0500,10.5700,10.7400,59165552
20181025,10.6000,10.8900,10.5400,10.8400,36866593
20181026,10.8500,10.9800,10.7400,10.9200,27519309
20181029,11.0800,11.1200,10.7100,10.7900,35265959
20181030,10.9300,11.0500,10.8900,10.9500,33086049
20181031,10.9900,11.0300,10.8700,10.9800,21737114
20181101,11.0500,11.0900,10.8600,10.8900,23505322
20181102,11.1000,11.2500,10.9400,11.1800,47788920
20181105,11.1500,11.2500,11.0800,11.1400,17012759
20181106,11.1300,11.1500,11.0000,11.0300,18422477
20181107,11.0900,11.1000,10.8700,10.9000,20843864
20181108,11.0500,11.1000,10.9000,11.0600,19991683
20181109,10.9900,11.0300,10.7000,10.7500,25570050
20181112,10.7700,10.9500,10.7500,10.8000,27015827
20181113,10.6800,10.9000,10.6800,10.8200,20708729
20181114,10.8700,10.8700,10.6800,10.7000,17998183
20181115,10.7200,10.8100,10.6500,10.7700,16580059
20181116,10.7700,10.8500,10.7100,10.7600,21394417
20181119,10.8600,10.9000,10.7700,10.8800,21384793
20181120,10.8700,10.8900,10.6500,10.6900,21883780
20181121,10.6100,10.7200,10.6100,10.6600,16027458
20181122,10.7300,10.7300,10.5700,10.6400,14008305
20181123,10.6000,10.6600,10.5000,10.5000,14715010
20181126,10.6600,10.6600,10.4300,10.5000,14377396
20181127,10.5000,10.6100,10.4500,10.4900,15084666
20181128,10.5600,10.6200,10.5000,10.5800,18339621
20181129,10.6400,10.7500,10.5400,10.6300,20685685
20181130,10.6500,10.7500,10.6200,10.7100,28572651
20181203,10.9900,11.0500,10.8400,11.0200,43049070
20181204,11.0000,11.0800,10.9700,11.0800,20811293
20181205,10.9900,11.1000,10.9600,11.0000,25491217
20181206,10.8200,10.9300,10.8200,10.9000,23597997
20181207,10.9400,11.0300,10.8800,10.8900,10580550
20181210,10.7700,10.9000,10.7700,10.8300,15927563
20181211,10.8400,10.9000,10.6900,10.7200,17234222
20181212,10.8900,10.8900,10.7000,10.7300,12448791
20181213,10.7600,10.8600,10.7300,10.8000,19792340
20181214,10.7400,10.8000,10.5900,10.6200,24163831
20181217,10.6500,10.7800,10.6200,10.7800,19746228
20181218,10.6800,10.8200,10.5400,10.5700,19451677
20181219,10.5900,10.6500,10.5400,10.5400,13603633
20181220,10.5300,10.5900,10.1100,10.2500,30069914
20181221,10.2300,10.2400,10.0000,10.0700,20885862
20181224,9.9800,10.0400,9.8600,9.9100,22779882
20181225,9.7700,9.8600,9.6000,9.7900,34810397
20181226,9.8100,9.8800,9.6400,9.6700,20569202
20181227,9.7700,9.8000,9.6600,9.6600,27347564
20181228,9.7200,9.9500,9.7100,9.8000,27404028
20190102,9.7400,9.7900,9.5800,9.7000,23762822
20190103,9.7000,9.8200,9.6600,9.8100,18654262
20190104,9.7300,10.0000,9.7300,9.9600,27172844
20190107,9.7300,10.0200,9.9200,9.9800,23597376
20190108,10.0300,10.0300,9.9100,9.9600,15104933
20190109,10.0600,10.1600,9.9800,9.9900,23163720
20190110,9.9400,10.0200,9.9200,9.9600,15923566
20190111,10.0300,10.1500,9.9600,10.0500,19069069
20190114,10.0300,10.1000,10.0100,10.0600,20352840
20190115,10.1000,10.1500,10.0500,10.1100,15632125
20190116,10.1000,10.1500,10.0700,10.1300,12988340
20190117,10.1700,10.2800,10.0700,10.1700,22766048
20190118,10.2900,10.4400,10.2200,10.4300,29087141
20190121,10.3600,10.4600,10.3000,10.3500,18947789
20190122,10.3800,10.3800,10.2300,10.2500,16250557
20190123,10.2900,10.3400,10.2500,10.2700,16520327
20190124,10.3400,10.3900,10.2700,10.3800,15006699
20190125,10.4500,10.5600,10.3800,10.5000,19696587
20190128,10.5300,10.6600,10.3900,10.4200,21769073
20190129,10.3900,10.6300,10.3800,10.5800,23768004
20190130,10.5900,10.6400,10.4700,10.5000,16054256
20190131,10.5900,10.7300,10.5100,10.7300,25131034
20190201,10.8200,10.8200,10.6200,10.7700,19119343
20190211,10.6200,10.7300,10.6200,10.7000,20216568
20190212,10.7100,10.7300,10.6300,10.7200,16769601
20190213,10.7400,10.9300,10.6800,10.8600,30248695
20190214,10.8500,10.9100,10.8000,10.8200,19815286
20190215,10.7800,10.8500,10.6600,10.6600,17758789
20190218,10.7500,10.8700,10.7000,10.8400,20102219
20190219,10.8500,10.9600,10.7800,10.8000,25952745
20190220,10.9200,10.9200,10.8100,10.8300,22286311
20190221,10.8300,10.9300,10.7500,10.7900,25402390
20190222,10.7600,11.0100,10.7600,11.0100,25907438
20190225,11.0300,11.9500,11.0300,11.9200,93712264
20190226,11.9100,12.1500,11.6000,11.6500,83643265
20190227,11.7100,12.0700,11.6700,11.8300,71201603
20190228,11.8300,11.9200,11.6800,11.7400,39393414
20190301,11.8100,12.0600,11.6000,12.0200,63254621
20190304,12.1200,12.3800,11.9500,12.0200,85024777
20190305,12.0100,12.0400,11.8700,11.9800,54564202
20190306,11.9900,12.1500,11.8600,12.0200,53693164
20190307,12.0300,12.0400,11.8700,11.8800,52618824
20190308,11.7200,11.7200,11.3600,11.5000,52670531
20190311,11.4400,11.5900,11.3600,11.4700,39922020
20190312,11.5900,11.6900,11.4000,11.4400,52211807
20190313,11.4100,11.5600,11.3100,11.4400,41373014
20190314,11.4600,11.5800,11.4300,11.4600,33993383
20190315,11.4700,11.5900,11.4300,11.4300,33769320
20190318,11.4500,11.6000,11.3700,11.5900,43879562
20190319,11.6300,11.6700,11.5100,11.5500,27500231
20190320,11.5200,11.6400,11.4900,11.5500,27325424
20190321,11.5600,11.5900,11.4400,11.4600,35037035
20190322,11.4900,11.5100,11.3100,11.3900,35436446
20190325,11.2800,11.2900,11.0100,11.0300,57716577
20190326,11.1100,11.1400,11.0300,11.0900,30795722
20190327,11.1100,11.2400,11.0400,11.0800,42124489
20190328,11.0300,11.0500,10.9000,11.0300,29296120
20190329,10.9800,11.3000,10.9800,11.2800,60526266
20190401,11.3600,11.5200,11.2900,11.4400,70637405
20190402,11.5000,11.5200,11.4100,11.4400,46714710
20190403,11.3700,11.5400,11.3400,11.5000,50271029
20190404,11.5500,11.7100,11.5400,11.7100,75232527
20190408,11.7900,11.9600,11.6500,11.7200,77870373
20190409,11.7200,11.7500,11.4900,11.5400,56895992
20190410,11.5000,11.5600,11.4200,11.4800,41027539
20190411,11.4700,11.5900,11.3500,11.4700,50172794
20190412,11.4700,11.5600,11.4300,11.4900,26273690
20190415,11.6700,11.7700,11.4600,11.4700,70509167
20190416,11.4600,11.9900,11.4300,11.9500,100665400
20190417,11.9600,12.0900,11.8800,11.9100,68157211
20190418,11.9100,12.0500,11.8400,11.9100,43048980
20190419,12.0100,12.2000,11.8600,12.0100,56013041
20190422,12.0200,12.0700,11.6800,11.7100,53389418
20190423,11.6800,11.8000,11.6300,11.7000,33847719
20190424,11.7600,11.7700,11.5100,11.6200,38201108
20190425,11.5600,11.6900,11.4800,11.5400,40876129
20190426,11.4300,11.5600,11.2800,11.3200,42469581
20190506,11.7500,11.8600,11.5400,11.8000,124545414
20190507,11.8200,11.9400,11.6000,11.8000,85489922
20190508,11.6400,11.7800,11.4900,11.5100,58500103
20190509,11.4800,11.5600,11.1000,11.1200,64128049
20190510,11.2300,11.4200,11.0600,11.3200,48550722
20190513,11.2000,11.4000,11.1500,11.3100,40284963
20190514,11.1800,11.4400,11.1700,11.2100,41888998
20190515,11.2800,11.4200,11.2300,11.3200,34404465
20190516,11.2800,11.3600,11.2200,11.3000,34141755
20190517,11.3200,11.3500,11.2000,11.2400,38399831
20190520,11.2800,11.4400,11.2500,11.3400,34904438
20190521,11.3300,11.4500,11.3100,11.3200,32975873
20190522,11.3200,11.3400,11.1200,11.1600,40000391
20190523,11.1200,11.1500,10.9500,11.1000,36312689
20190524,11.1700,11.2200,11.0000,11.1100,24160265
20190527,11.0900,11.2600,10.9600,11.2200,35087915
20190528,11.1900,11.3000,11.0200,11.2900,72278135
20190529,11.1700,11.2900,11.0700,11.1200,40860970
20190530,11.1800,11.1800,11.0300,11.1100,26650033
20190531,11.1100,11.2300,11.0500,11.1300,36976728
20190603,11.1700,11.2900,11.1300,11.2800,30492063
20190604,11.2900,11.3700,11.2600,11.3500,25077393
20190605,11.4300,11.5200,11.3500,11.4100,31423641
20190606,11.5100,11.5100,11.3800,11.4700,26427215
20190610,11.5700,11.7000,11.5300,11.6100,43183779
20190611,11.3500,11.4500,11.2700,11.4200,52266217
20190612,11.4200,11.7000,11.4000,11.6000,50635228
20190613,11.5700,11.7900,11.5000,11.7000,46966016
20190614,11.7400,11.8700,11.7100,11.7900,47385174
20190617,11.7800,11.9200,11.7500,11.7700,35220103
20190618,11.8200,11.9000,11.7200,11.8200,28965124
20190619,12.0400,12.0700,11.8100,11.8800,44927745
20190620,11.9500,12.3200,11.8500,12.2000,71647496
20190621,12.1800,12.3000,12.0300,12.0900,55381180
20190624,12.0900,12.1300,11.9600,12.0300,34195336
20190625,11.9800,11.9800,11.5100,11.6600,80359367
20190626,11.5600,11.7300,11.5500,11.6600,36973199
20190627,11.6800,11.8400,11.5500,11.6400,47997783
20190628,11.6700,11.6800,11.5400,11.6800,29545173
20190701,11.8600,11.9200,11.6900,11.7100,54887882
20190702,11.7200,11.7400,11.5700,11.6100,51165729
20190703,11.6200,11.6300,11.5100,11.5600,36567085
20190704,11.6100,11.6700,11.5700,11.6200,30369201
20190705,11.6300,11.6400,11.5300,11.5700,25753241
20190708,11.5600,11.5700,11.3100,11.3600,34710676
20190709,11.4000,11.4300,11.3300,11.3700,21885404
20190710,11.4300,11.4300,11.3100,11.3500,23409890
20190711,11.4300,11.4600,11.3400,11.4000,23285835
20190712,11.3900,11.6200,11.3900,11.5200,34816996
20190715,11.4000,11.5400,11.2200,11.5000,40305603
20190716,11.5000,11.5700,11.4400,11.5500,21606007
20190717,11.4900,11.5700,11.4600,11.4800,17480372
20190718,11.5300,11.5300,11.4500,11.4900,18260034
20190719,11.5100,11.6300,11.4900,11.5800,19619622
20190722,11.5400,11.6300,11.4700,11.4800,25617875
20190723,11.4300,11.5600,11.4300,11.4900,17927898
20190724,11.5400,11.6800,11.5300,11.5900,24112288
20190725,11.5700,11.9600,11.5700,11.8800,55900219
20190726,11.8300,11.9400,11.8100,11.8700,30368988
20190729,11.9000,11.9400,11.8000,11.8600,21465011
20190730,11.8400,12.0000,11.8400,11.8600,33731002
20190731,11.8100,11.9400,11.7300,11.8700,30650758
20190801,11.7600,11.8500,11.6300,11.6500,32471702
20190802,11.4800,11.5600,11.4100,11.4800,38976091
20190805,11.4200,11.4600,11.2300,11.2400,42719073
20190806,11.1000,11.2300,10.9700,11.0900,45203853
20190807,11.1400,11.1600,11.0500,11.0700,31462085
20190808,11.1500,11.3100,11.1100,11.2600,33258085
20190809,11.3100,11.4100,11.2600,11.3700,40637993
20190812,11.3300,11.4500,11.3100,11.4300,34989082
20190813,11.4000,11.4000,11.2900,11.3300,18839979
20190814,11.4200,11.4800,11.2800,11.2800,19874457
20190815,11.1600,11.3200,11.1200,11.2900,19101192
20190816,11.2500,11.3400,11.2100,11.2200,24823561
20190819,11.2200,11.3800,11.0800,11.3800,38253341
20190820,11.3000,11.4700,11.2800,11.3700,23758050
20190821,11.3500,11.4400,11.3400,11.4100,14656537
20190822,11.4300,11.4500,11.3700,11.4300,15866836
20190823,11.3900,11.5900,11.3800,11.5900,33655377
20190826,11.3900,11.4400,11.1500,11.3000,41845176
20190827,11.3700,11.5700,11.3000,11.3000,66247458
20190828,11.3700,11.4000,11.3000,11.3200,25525597
20190829,11.3000,11.3500,11.1800,11.2300,28049594
20190830,11.3400,11.3700,11.2200,11.2800,25424004
20190902,11.3000,11.4200,11.2400,11.3400,27749879
20190903,11.3900,11.4100,11.3100,11.3500,16286609
20190904,11.4000,11.5000,11.3600,11.4900,30670961
20190905,11.5000,11.7400,11.5000,11.6200,46828000
20190906,11.6800,11.7000,11.5800,11.6900,34392057
20190909,11.7800,11.7900,11.6800,11.7500,40059368
20190910,11.7900,11.8600,11.6900,11.8500,37041097
20190911,11.8500,12.0000,11.8500,11.9500,39063654
20190912,12.0800,12.0900,11.9200,12.0000,26104824
20190916,11.9900,12.0100,11.8300,11.9300,25489116
20190917,11.9600,12.0100,11.7700,11.8100,33558932
20190918,11.9400,12.0000,11.8700,11.9300,31387271
20190919,12.0000,12.0000,11.8800,11.9400,23742171
20190920,11.9900,11.9900,11.8500,11.9500,40109279
20190923,11.9000,11.9200,11.6800,11.7500,27710795
20190924,11.8100,11.8600,11.7300,11.7500,21870962
20190925,11.7500,11.9500,11.6900,11.8100,30136356
20190926,11.8800,12.1800,11.8400,11.9700,72726461
20190927,11.9500,11.9900,11.7600,11.9000,36807878
20190930,11.8500,12.0700,11.8100,11.8400,35947577
20191008,11.8000,12.0300,11.8000,11.9000,32415886
20191009,11.8200,12.1300,11.8000,11.9900,42209602
20191010,12.0200,12.0400,11.9100,11.9600,27261229
20191011,12.0500,12.4500,12.0000,12.4500,92030800
20191014,12.5900,13.2200,12.5200,12.9400,123970103
20191015,12.9500,13.1400,12.8600,13.0900,73394591
20191016,13.0800,13.3300,12.9000,13.0800,67002223
20191017,13.0700,13.2500,13.0300,13.1700,47869313
20191018,13.2400,13.2900,12.7200,12.7800,64992896
20191021,12.8000,13.0300,12.7500,12.9100,38996287
20191022,13.0300,13.0500,12.7700,12.9300,31396257
20191023,12.8900,12.9500,12.7700,12.8600,32821414
20191024,12.9800,13.2400,12.9500,13.0900,103158806
20191025,13.0900,13.0900,12.7800,12.9000,97876357
20191028,12.7500,12.8800,12.6500,12.7000,72380466
20191029,12.7400,12.8500,12.6200,12.7700,52604090
20191030,12.7500,12.7900,12.5200,12.5900,53734730
20191031,12.6800,12.7000,12.5000,12.5100,33347533
20191101,12.5000,12.8300,12.4400,12.7500,62705733
20191104,12.7500,12.8900,12.6900,12.7400,49737996
20191105,12.7400,13.1900,12.6900,12.9500,74274389
20191106,12.9500,13.1000,12.8600,12.9200,46023920
20191107,12.9500,12.9500,12.7100,12.7600,46267281
20191108,12.8000,12.8100,12.5600,12.5700,48841866
20191111,12.4800,12.4800,12.2900,12.2900,38594267
20191112,12.3100,12.3600,12.1700,12.2400,39239395
20191113,12.2100,12.2900,12.1500,12.2300,32274979
20191114,12.2300,12.2700,12.1000,12.1400,28943647
20191115,12.2200,12.2600,12.1200,12.1500,27324299
20191118,12.1700,12.3500,12.1300,12.2400,28796529
20191119,12.2000,12.3100,12.1800,12.2300,29370803
20191120,12.1700,12.2200,12.0100,12.0400,38092059
20191121,12.0000,12.0400,11.9100,11.9600,34617175
20191122,12.0100,12.0600,11.9400,11.9900,29531099
20191125,12.0300,12.1400,12.0000,12.0700,25153256
20191126,12.1500,12.1700,11.9800,12.0600,59633264
20191127,12.0700,12.0700,11.9000,11.9900,28703956
20191128,12.0000,12.0100,11.9200,11.9600,17797225
20191129,11.9300,12.0700,11.8900,11.9100,24566935
20191202,11.9600,11.9700,11.8200,11.8700,22163020
20191203,11.8100,11.9000,11.7700,11.8600,19557865
20191204,11.7800,11.8300,11.7000,11.7500,24734662
20191205,11.7900,11.8900,11.7600,11.8900,24976130
20191206,11.9200,11.9500,11.8300,11.9200,20654438
20191209,11.9000,11.9300,11.8500,11.9000,17349258
20191210,11.8800,11.9100,11.8600,11.8600,15324640
20191211,11.8800,11.9900,11.8500,11.9800,33409045
20191212,11.9900,11.9900,11.8800,11.9000,27021203
20191213,11.9800,12.1200,11.9400,12.1200,59520554
20191216,12.1200,12.1500,12.0000,12.1300,37971632
20191217,12.1700,12.5100,12.1000,12.3900,57435605
20191218,12.3600,12.5000,12.3400,12.4000,34565268
20191219,12.4000,12.5000,12.3800,12.4100,23789907
20191220,12.4100,12.5500,12.3800,12.4200,40150148
20191223,12.4600,12.4600,12.1700,12.2000,37033891
20191224,12.2100,12.2900,12.2000,12.2800,21671029
20191225,12.2900,12.2900,12.2000,12.2400,13678175
20191226,12.2600,12.3200,12.2300,12.2900,15739054
20191227,12.2500,12.4300,12.2500,12.3200,27932109
20191230,12.2700,12.3600,12.1200,12.3400,41051555
20191231,12.3200,12.3800,12.2100,12.3700,31953628
20200102,12.4700,12.6400,12.4500,12.4700,51629079
20200103,12.5700,12.6300,12.4700,12.6000,38018810
20200106,12.5200,12.6500,12.4200,12.4600,41001193
20200107,12.5100,12.6000,12.4600,12.5000,28421482
20200108,12.3200,12.3200,12.3200,12.3200,35240536
20200109,12.3900,12.4300,12.3500,12.3700,26151448
20200110,12.3700,12.4200,12.3100,12.3900,18321252
20200113,12.4100,12.4100,12.4100,12.4100,20715566
20200114,12.4300,12.4300,12.4300,12.4300,29994561
20200115,12.4100,12.4500,12.2500,12.2500,31897217
20200116,12.2800,12.3100,12.1600,12.2000,22454876
20200117,12.2200,12.2900,12.1600,12.2300,17593111
20200120,12.2600,12.2700,12.1900,12.2500,23734609
20200121,12.2000,12.2500,12.0400,12.0800,31787474
20200122,11.7000,11.8400,11.6500,11.7700,78133556
20200123,11.7500,11.7500,11.3200,11.3500,76534796
20200203,10.2200,10.6900,10.2200,10.4700,95367382
20200204,10.5100,10.7400,10.5100,10.6600,66783767
20200205,10.6900,10.7800,10.5800,10.7000,45046658
20200206,10.8100,10.8600,10.6500,10.7900,38023801
20200207,10.7300,10.9100,10.6700,10.8600,31896956
20200210,10.7600,10.8400,10.7100,10.7700,34032121
20200211,10.8200,10.9500,10.7800,10.8600,34856302
20200212,10.8400,10.8800,10.7600,10.8600,26313927
20200213,10.8200,10.8800,10.7600,10.7600,22630613
20200214,10.7600,10.8800,10.7400,10.8600,22360549
20200217,10.8800,11.2100,10.8600,11.1800,41343320
20200218,11.0900,11.1800,11.0400,11.0600,30162703
20200219,11.0800,11.2400,11.0400,11.1100,25100157
20200220,11.1700,11.2700,11.0600,11.2300,36656416
20200221,11.2300,11.3900,11.2100,11.3000,38949418
20200224,11.2300,11.3400,11.1000,11.1600,44738622
20200225,11.0700,11.1500,11.0100,11.0900,48324564
20200226,11.0100,11.3300,11.0100,11.2000,51906287
20200227,11.2000,11.3000,11.1300,11.2100,33029824
20200228,11.1100,11.1800,10.8500,10.8500,50137988
20200302,10.9500,11.1000,10.9200,11.0400,39245056
20200303,11.1300,11.2300,11.0400,11.0600,39332460
20200304,11.0100,11.1000,10.9500,11.0300,34628358
20200305,11.0800,11.3200,11.0300,11.3200,73047882
20200306,11.2300,11.2800,11.1100,11.1200,41587820
20200309,11.0000,11.0000,10.7500,10.7800,59495242
20200310,10.7100,10.9600,10.7000,10.8700,44761737
20200311,10.9300,10.9300,10.7700,10.7700,31688826
20200312,10.7500,10.7500,10.6100,10.6400,32632350
20200313,10.4000,10.7300,10.2800,10.7000,57457109
20200316,10.7000,10.7800,10.5000,10.5100,47649924
20200317,10.6800,10.6900,10.2900,10.4300,42139008
20200318,10.4000,10.5000,10.2000,10.2100,33176646
20200319,10.1900,10.3400,9.8600,9.9400,55707113
20200320,10.1200,10.1800,9.9600,10.0900,42609358
20200323,9.9500,9.9500,9.8200,9.8400,28286030
20200324,10.0300,10.1300,9.9800,10.0600,28990754
20200325,10.2000,10.2400,10.1200,10.1500,32172278
20200326,10.1000,10.3700,10.0800,10.2300,30921803
20200327,10.3500,10.3800,10.2000,10.2400,27107951
20200330,10.1800,10.2800,10.1100,10.2800,26046018
20200331,10.3000,10.3600,10.1300,10.1500,26144854
20200401,10.1100,10.2600,10.0900,10.0900,22479192
20200402,10.0900,10.2000,10.0700,10.2000,17042135
20200403,10.1300,10.2100,10.1200,10.1500,14842382
20200407,10.3000,10.3300,10.2300,10.2800,23825611
20200408,10.2500,10.2900,10.1800,10.2400,17952255
20200409,10.2600,10.2900,10.1800,10.2000,13569586
20200410,10.2200,10.2400,10.1500,10.2100,16625528
20200413,10.1500,10.2200,10.1000,10.1100,11966986
20200414,10.1700,10.2500,10.1200,10.2500,17792926
20200415,10.2000,10.2700,10.1500,10.1800,14945608
20200416,10.1000,10.1800,10.1000,10.1600,14403197
20200417,10.1800,10.2300,10.1500,10.2000,22744411
20200420,10.1500,10.1900,10.0900,10.1100,23503715
20200421,10.0700,10.1200,10.0100,10.0300,17557525
20200422,10.0200,10.0700,9.9800,10.0700,15802441
20200423,10.1000,10.1000,10.0100,10.0600,16878643
20200424,10.0600,10.0900,10.0100,10.0600,16973113
20200427,10.1500,10.4200,10.1500,10.3400,50342806
20200428,10.3600,10.3800,10.2200,10.3300,29222578
20200429,10.3500,10.6100,10.3300,10.6100,35056836
20200430,10.5800,10.7900,10.5600,10.6300,30906971
20200506,10.4400,10.4900,10.3600,10.4600,41378362
20200507,10.4500,10.4500,10.3700,10.3900,26211656
20200508,10.4400,10.4900,10.4000,10.4400,20927670
20200511,10.4400,10.5400,10.4200,10.4300,21472495
20200512,10.4400,10.4800,10.3400,10.3400,19405945
20200513,10.3100,10.3900,10.2800,10.3800,15574310
20200514,10.3200,10.3600,10.2700,10.3000,15892376
20200515,10.3600,10.3800,10.2600,10.2800,13753770
20200518,10.2800,10.4300,10.2500,10.3200,15675941
20200519,10.4500,10.4500,10.3400,10.3500,12576997
20200520,10.3700,10.4200,10.3300,10.4100,20046300
20200521,10.4400,10.4400,10.3300,10.3300,14361684
20200522,10.3000,10.3400,10.1400,10.1400,23722915
20200525,10.3000,10.3100,10.1300,10.2700,15722012
20200526,10.3200,10.3200,10.2500,10.2700,14372249
20200527,10.2800,10.3800,10.2500,10.3500,20145712
20200528,10.3600,10.5500,10.3600,10.5300,38263189
20200529,10.4500,10.5700,10.4500,10.5700,27529427
20200601,10.6300,10.7200,10.5700,10.6500,28612841
20200602,10.5800,10.7400,10.5800,10.6800,25922545
20200603,10.7500,10.8700,10.7000,10.7000,27352188
20200604,10.8000,10.8000,10.6400,10.6400,17559033
20200605,10.6800,10.6900,10.5600,10.6700,20958291
20200608,10.6400,10.7200,10.6000,10.6100,18251152
20200609,10.6200,10.7200,10.5800,10.6800,17263160
20200610,10.7100,10.7100,10.5800,10.5800,16693480
20200611,10.5800,10.6100,10.4500,10.4800,25171455
20200612,10.5800,10.5800,10.4300,10.5500,25514482
20200615,10.4100,10.4900,10.3500,10.3500,25497883
20200616,10.4400,10.5000,10.4000,10.4500,17682742
20200617,10.4400,10.5100,10.4300,10.4700,16148594
20200618,10.4200,10.5700,10.3900,10.5000,20856551
20200619,10.5600,10.6800,10.5000,10.6100,39814479
20200622,10.5700,10.6600,10.5300,10.5500,24611903
20200623,10.5100,10.5700,10.4700,10.4800,19602212
20200624,10.5400,10.6100,10.5000,10.6000,22873884
20200629,10.6300,10.7300,10.4900,10.5700,27875619
20200630,10.5900,10.6400,10.5400,10.5800,22886764
20200701,10.5900,10.7600,10.5500,10.7400,36690710
20200702,10.7300,11.0500,10.7000,11.0500,60951268
20200703,11.0800,11.2600,11.0200,11.1900,82238477
20200706,11.3000,12.3100,11.2900,12.2000,149558001
20200707,12.4500,12.6900,12.1000,12.1100,131469759
20200708,12.1700,12.4400,12.0300,12.1400,104879230
20200709,12.2600,12.2600,11.9400,11.9900,91311738
20200710,11.9800,12.0900,11.5500,11.6000,78611864
20200713,11.6000,11.8500,11.5600,11.6600,96564333
20200714,11.6100,11.6900,11.3300,11.3800,79944260
20200715,11.4700,11.4700,11.1400,11.1800,92438310
20200716,11.2500,11.4800,11.2000,11.2000,96614162
20200717,11.3700,11.3900,11.1700,11.2700,68639480
20200720,11.3200,11.5700,11.2700,11.5200,78766518
20200721,11.5900,11.6100,11.4000,11.5400,55004587
20200722,11.5500,11.7500,11.5000,11.6200,98687637
20200723,10.9900,10.9900,10.6100,10.8400,86806896
20200724,10.7800,10.8000,10.4000,10.4200,72886391
20200727,10.5500,10.5500,10.3200,10.3700,44655910
20200728,10.4600,10.5400,10.3500,10.3900,32599274
20200729,10.3500,10.5400,10.3200,10.5100,45256602
20200730,10.5100,10.5300,10.4000,10.4000,40443481
20200731,10.4100,10.5200,10.3100,10.3600,65368427
20200803,10.4000,10.4800,10.3700,10.4100,56272005
20200804,10.4600,10.7200,10.4300,10.6600,88522454
20200805,10.6400,10.6400,10.4500,10.5100,46011280
20200806,10.5700,10.6300,10.4100,10.5300,42484232
20200807,10.5100,10.5300,10.3600,10.4300,44271966
20200810,10.4200,10.5700,10.3900,10.5200,48973967
20200811,10.5800,10.6800,10.4500,10.4700,63673224
20200812,10.4900,10.6000,10.4600,10.5600,43268629
20200813,10.6000,10.6100,10.5000,10.5100,25798477
20200814,10.5300,10.6000,10.4800,10.5900,37584530
20200817,10.5900,10.9800,10.5700,10.8400,98742699
20200818,10.8500,10.8500,10.6300,10.6900,54091961
20200819,10.6900,10.7400,10.5700,10.5800,43448106
20200820,10.5600,10.5700,10.4300,10.4700,53539028
20200821,10.5600,10.5600,10.4500,10.5000,31451520
20200824,10.5600,10.5600,10.4400,10.4600,38982822
20200825,10.4800,10.5100,10.4100,10.4500,37897250
20200826,10.4300,10.4500,10.3500,10.3700,39278732
20200827,10.3800,10.4000,10.3200,10.3500,30462492
20200828,10.3400,10.4600,10.3100,10.4600,53131203
20200831,10.4600,10.5100,10.3200,10.3600,80037356
20200901,10.3400,10.3600,10.2600,10.2900,53931233
20200902,10.2800,10.2900,10.1200,10.1800,56787081
20200903,10.1900,10.2300,10.1100,10.1200,40832020
20200904,10.0700,10.1500,10.0100,10.0700,38443982
20200907,10.0700,10.1600,10.0100,10.0100,58564585
20200908,10.0400,10.0900,10.0100,10.0500,52972540
20200909,10.0100,10.0800,10.0000,10.0100,49418500
20200910,10.0600,10.0600,9.9400,9.9600,54169916
20200911,9.9500,9.9600,9.8500,9.9200,49947642
20200914,9.9500,9.9500,9.8600,9.9000,38851230
20200915,9.9100,9.9200,9.8500,9.8600,46601549
20200916,9.8700,9.9000,9.8000,9.8600,51470657
20200917,9.8700,9.8900,9.8000,9.8300,43171675
20200918,9.8400,9.9400,9.8000,9.9400,95230581
20200921,9.9400,9.9700,9.8300,9.8400,55998716
20200922,9.8100,9.8400,9.6900,9.7000,65952098
20200923,9.7100,9.7200,9.6200,9.6300,41909587
20200924,9.6100,9.6200,9.4600,9.5000,53858739
20200925,9.5000,9.5300,9.4600,9.4700,29487505
20200928,9.4900,9.5300,9.4600,9.4600,26257827
20200929,9.5000,9.5200,9.4300,9.4300,32988266
20200930,9.4500,9.4900,9.3500,9.3900,39006807
20201009,9.4400,9.4800,9.4000,9.4200,39772687
20201012,9.4500,9.6300,9.4200,9.5900,66671637
20201013,9.5800,9.5800,9.5200,9.5400,28059097
20201014,9.5400,9.5600,9.5000,9.5300,42969217
20201015,9.5400,9.7200,9.5300,9.6200,66146732
20201016,9.6100,9.7700,9.6000,9.7200,74850236
20201019,9.7300,9.9300,9.6400,9.6500,84532385
20201020,9.6300,9.6500,9.5100,9.5800,46687029
20201021,9.5800,9.7000,9.5100,9.7000,61622129
20201022,9.6700,9.7600,9.5900,9.6500,47288884
20201023,9.6300,9.7900,9.6200,9.7000,70954476
20201026,9.7200,9.7500,9.5900,9.6000,52711443
20201027,9.5900,9.5900,9.4800,9.4800,38062780
20201028,9.4800,9.5200,9.3800,9.4000,45881367
20201029,9.3500,9.4500,9.3400,9.3700,43707348
20201030,9.3800,9.4500,9.2500,9.2600,56060864
20201102,9.3000,9.3300,9.2200,9.2500,46542251
20201103,9.3100,9.4000,9.2800,9.3000,67876111
20201104,9.3500,9.4000,9.2800,9.3400,50256088
20201105,9.4600,9.4600,9.3300,9.3600,55873229
20201106,9.3700,9.4300,9.3300,9.3900,63919592
20201109,9.4200,9.4800,9.3900,9.4300,88937655
20201110,9.4700,9.5900,9.4400,9.4600,84217864
20201111,9.4600,9.5800,9.4400,9.5600,64171805
20201112,9.5200,9.5300,9.4300,9.4300,51891050
20201113,9.4100,9.4100,9.3300,9.3600,44910112
20201116,9.3800,9.4600,9.3700,9.4500,31878052
20201117,9.4600,9.5300,9.4400,9.5300,47293970
20201118,9.5300,9.7700,9.5000,9.7000,109417513
20201119,9.7000,9.7800,9.6400,9.7400,63840056
20201120,9.6800,9.7200,9.6100,9.6700,46631360
20201123,9.6400,9.9200,9.6300,9.9000,92618240
20201124,9.9200,9.9700,9.8200,9.8500,61221709
20201125,9.9000,9.9900,9.8100,9.8100,61216111
20201126,9.8400,9.9900,9.7600,9.9800,71595543
20201127,10.0100,10.2000,9.9600,10.2000,113388037
20201130,10.3000,10.5100,10.0600,10.0600,203498922
20201201,10.0800,10.3500,10.0100,10.3000,107812159
20201202,10.2600,10.3900,10.1900,10.2500,78702779
20201203,10.2300,10.2800,10.1600,10.2400,57195735
20201204,10.2300,10.2500,10.0500,10.1700,47336450
20201207,10.1100,10.1700,9.9000,9.9900,57810545
20201208,9.9700,10.0600,9.9300,9.9800,31522398
20201209,10.0100,10.0900,9.9100,9.9100,44090061
20201210,9.9100,9.9600,9.7600,9.8200,39400878
20201211,9.8400,9.8800,9.6900,9.7000,48386569
20201214,9.7500,9.8000,9.6800,9.7500,38743836
20201215,9.7300,9.7400,9.6000,9.7100,39323070
20201216,9.7200,9.7800,9.6400,9.6500,47998904
20201217,9.6400,9.7900,9.5900,9.7700,42901555
20201218,9.7400,9.7900,9.6900,9.7600,31884462
20201221,9.7000,9.7700,9.6500,9.7500,31965504
20201222,9.7500,9.7500,9.5500,9.6100,50418001
20201223,9.5900,9.6400,9.4800,9.5500,38656338
20201224,9.5400,9.6600,9.5100,9.5500,24871912
20201225,9.5600,9.6100,9.5100,9.5800,22420976
20201228,9.5500,9.6300,9.5000,9.5700,33765935
20201229,9.6000,9.6200,9.5200,9.5300,44150648
20201230,9.5200,9.5400,9.4400,9.5000,54885564
20201231,9.5100,9.6900,9.4900,9.6800,65992362
20210104,9.6300,9.7300,9.5500,9.6900,62906939
20210105,9.6800,9.6800,9.5200,9.6800,53859177
20210106,9.6200,9.8300,9.6200,9.8200,61881321
20210107,9.8300,9.9300,9.6600,9.8100,57090442
20210108,9.8100,9.9000,9.7300,9.8300,55801455
20210111,9.8300,9.9400,9.6800,9.6900,75984056
20210112,9.7000,9.7900,9.5800,9.7800,56732878
20210113,9.7500,9.8800,9.7200,9.8400,57145173
20210114,9.8300,9.9600,9.7600,9.8700,55338565
20210115,9.9800,10.2300,9.9200,9.9200,143067603
20210118,9.9200,10.1200,9.8700,10.0800,96389498
20210119,10.0700,10.2200,9.9800,10.1600,82816180
20210120,10.1300,10.1800,9.9600,9.9800,66608913
20210121,9.9900,10.0700,9.9300,9.9700,53622907
20210122,9.9600,9.9600,9.7600,9.7900,61879785
20210125,9.7700,9.7800,9.6700,9.7200,51705648
20210126,9.6900,9.7800,9.6600,9.6800,39877611
20210127,9.6700,9.8800,9.6600,9.7300,55174457
20210128,9.7300,9.7400,9.6100,9.6600,52360924
20210129,9.6900,10.1300,9.6500,9.9600,115257482
20210201,9.9600,10.4800,9.9000,10.4400,181883788
20210202,10.3500,10.4700,10.1500,10.2200,131403970
20210203,10.1900,10.4300,10.0600,10.2600,131150745
20210204,10.2100,10.4100,10.1200,10.2800,92016450
20210205,10.2800,10.8200,10.2500,10.7200,195506162
20210208,10.7100,10.8100,10.5100,10.7200,137089506
20210209,10.7000,10.7400,10.5400,10.6800,99871998
20210210,10.6700,10.8500,10.5600,10.6900,105092241
20210218,10.8000,11.0200,10.7400,10.8300,143397923
20210219,10.8300,11.1200,10.7700,10.9700,122926300
20210222,10.9200,10.9500,10.7000,10.7100,127379414
20210223,10.7500,10.9900,10.7200,10.7800,93327786
20210224,10.8100,10.8900,10.5500,10.6000,97783999
20210225,10.6600,10.8500,10.6000,10.8000,89855495
20210226,10.7200,10.8200,10.5400,10.5400,85386093
20210301,10.5900,10.6400,10.5000,10.5800,54746126
20210302,10.6100,10.7000,10.3600,10.4700,74763149
20210303,10.4500,10.9200,10.4300,10.9200,113570860
20210304,10.8000,10.9200,10.7600,10.8800,75412865
20210305,10.8700,10.9400,10.6900,10.8600,72154782
20210308,10.9800,11.0200,10.7100,10.7500,80153097
20210309,10.7800,10.9000,10.6500,10.7300,83584061
20210310,10.7600,10.7900,10.6300,10.7200,50512161
20210311,10.7700,10.9700,10.7600,10.9000,76816962
20210312,10.8900,11.0300,10.8200,10.9000,79235629
20210315,10.8800,11.2400,10.8800,11.1200,113524449
20210316,11.0800,11.2400,11.0100,11.1100,65502259
20210317,11.1000,11.1200,10.8900,10.9200,57821851
20210318,10.9700,11.0500,10.9000,11.0300,50943550
20210319,11.0100,11.0200,10.5600,10.6500,103359887
20210322,10.6200,10.8800,10.6200,10.7500,66031003
20210323,10.7600,10.8300,10.6800,10.7800,47127710
20210324,10.7700,10.8100,10.6300,10.6800,44132642
20210325,10.7200,10.7800,10.6100,10.6300,43547662
20210326,10.6800,10.7300,10.6100,10.6200,40882734
20210329,10.6000,10.6000,10.4000,10.4800,92366772
20210330,10.6500,11.0100,10.6200,11.0100,173447215
20210331,11.0100,11.0400,10.8700,10.9900,66813691
20210401,10.9700,11.0100,10.8100,10.8900,47781207
20210402,10.9400,10.9500,10.6700,10.7600,65365057
20210406,10.7600,10.7900,10.6800,10.7000,33911224
20210407,10.7400,10.7500,10.5800,10.6500,60988540
20210408,10.6300,10.7000,10.5600,10.6600,42047850
20210409,10.6400,10.6400,10.5300,10.5900,38683022
20210412,10.5800,10.7500,10.5200,10.7300,57023744
20210413,10.7400,10.8200,10.6700,10.7600,52756234
20210414,10.8200,10.8200,10.5700,10.5900,45686754
20210415,10.5800,10.6100,10.3800,10.4300,53172372
20210416,10.4500,10.5500,10.4200,10.5400,32895624
20210419,10.5500,10.6400,10.4500,10.5800,50203914
20210420,10.5500,10.5800,10.4800,10.5000,29450563
20210421,10.4700,10.6200,10.4600,10.5800,45439718
20210422,10.6000,10.6000,10.4000,10.4300,41793378
20210423,10.4200,10.4700,10.3800,10.4300,24825285
20210426,10.4500,10.5000,10.2800,10.3000,46387212
20210427,10.3300,10.3400,10.2400,10.2700,25042540
20210428,10.3300,10.3300,10.1800,10.2500,35321183
20210429,10.2800,10.5500,10.2600,10.5400,48194627
20210430,10.2800,10.2800,9.9600,10.0500,156103445
